일본어,읽기,뜻,연도,페이지,분류,섹션,검수상태,관계그룹,원본표현,출처파일
余暇,よか,여가,2025,,,,,,,1.csv
検閲,けんえつ,검열,2025,,,,,,,1.csv
裁く,さばく,"중재하다, 재판하다",2025,,,,,,,1.csv
頑丈,がんじょう,"튼튼함, 견고함",2025,,,,,,,1.csv
行政,ぎょうせい,행정,2025,,,,,,,1.csv
芳しくない,かんばしくない,바람직하지 않다,2025,,,,,,,1.csv
鈍い,にぶい,둔하다,2025,,,,,,,1.csv
崇高,すうこう,숭고함,2025,,,,,,,1.csv
胸中,きょうちゅう,"흉중, 가슴 속, 심정",2025,,,,,,,1.csv
潜む,ひそむ,"숨어 있다, 잠재하다",2025,,,,,,,1.csv
卓越,たくえつ,"탁월, 뛰어남",2025,,,,,,,1.csv
管轄,かんかつ,관할,2025,,,,,,,1.csv
腐敗,ふはい,부패,2024,,,,,,,1.csv
粘膜,ねんまく,점막,2024,,,,,,,1.csv
戒める,いましめる,"경고하다, 징계하다",2024,,,,,,,1.csv
絶叫,ぜっきょう,절규,2024,,,,,,,1.csv
抱負,ほうふ,포부,2024,,,,,,,1.csv
筋道（を立てる）,すじみち（をたてる）,조리(있게 하다),2024,,,,,,,1.csv
粗い,あらい,"거칠다, 조잡하다",2024,,,,,,,1.csv
寿命,じゅみょう,수명,2024,,,,,,,1.csv
誓約書,せいやくしょ,서약서,2024,,,,,,,1.csv
背後,はいご,"등 뒤, 배후",2024,,,,,,,1.csv
侮る,あなどる,"깔보다, 업신여기다",2024,,,,,,,1.csv
奔放な（性格）,ほんぽうな（せいかく）,자유 분방한(성격),2024,,,,,,,1.csv
騒然とする,そうぜんとする,"소란스럽다, 술렁이다",2023,,,,,,,1.csv
秩序,ちつじょ,질서,2023,,,,,,,1.csv
朗らかな,ほがらかな,명랑한,2023,,,,,,,1.csv
軌跡,きせき,궤적,2023,,,,,,,1.csv
矛盾,むじゅん,모순,2023,,,,,,,1.csv
賄う,まかなう,"마련하다, (식사를) 제공하다",2023,,,,,,,1.csv
諭す,さとす,타이르다,2023,,,,,,,1.csv
潜伏,せんぷく,잠복,2023,,,,,,,1.csv
振興,しんこう,진흥,2023,,,,,,,1.csv
偏り,かたより,"편견, 치우침",2023,,,,,,,1.csv
誇張,こちょう,과장,2023,,,,,,,1.csv
軽率な,けいそつな,경솔한,2023,,,,,,,1.csv
勇敢に,ゆうかんに,용감하게,2022,,,,,,,1.csv
慕う,したう,"사모하다, 깊이 존경하다",2022,,,,,,,1.csv
沈下,ちんか,"침하, 물속에 가라앉음",2022,,,,,,,1.csv
監督,かんとく,감독,2022,,,,,,,1.csv
透ける,すける,"비쳐 보이다, 들여다 보이다",2022,,,,,,,1.csv
臨む,のぞむ,"임하다, 마주하다",2022,,,,,,,1.csv
忠告,ちゅうこく,충고,2022,,,,,,,1.csv
施錠,せじょう,자물쇠를 채움,2022,,,,,,,1.csv
阻まれる,はばまれる,가로막히다,2022,,,,,,,1.csv
派生,はせい,파생,2022,,,,,,,1.csv
恩恵,おんけい,은혜,2022,,,,,,,1.csv
如実に,にょじつに,"여실히, 있는 그대로",2022,,,,,,,1.csv
ミミへ,,,,9,,,Y,,,~66.csv
根底から庫す,,,,9,,,Y,,,~66.csv
休日を,,,,9,,,Y,,,~66.csv
返上する,,,,9,,,Y,,,~66.csv
当者に,,,,9,,,Y,,,~66.csv
匠り次ぐ,,,,9,,,Y,,,~66.csv
事ゆ難航している,,,,9,,,Y,,,~66.csv
誠待とネネ次,,,,9,,,Y,,,~66.csv
交希する,,,,9,,,Y,,,~66.csv
中手まとい,,,,9,,,Y,,,~66.csv
ガ入衝,,,,9,,,Y,,,~66.csv
妃境に,,,,9,,,Y,,,~66.csv
適応,,,,9,,,Y,,,~66.csv
ロ人絆を掲げる,,,,9,,,Y,,,~66.csv
避衝如対呈,,,,9,,,Y,,,~66.csv
中細,,,,9,,,Y,,,~66.csv
札で足止めされる,,,,9,,,Y,,,~66.csv
ロ本共の払拭,,,,9,,,Y,,,~66.csv
疲れひひへとへとになる,,,,9,,,Y,,,~66.csv
前市長の政策を,,,,9,,,Y,,,~66.csv
応襲する,,,,9,,,Y,,,~66.csv
符号,,,,9,,,Y,,,~66.csv
量合,,,,9,,,Y,,,~66.csv
る社呈時,,,,9,,,Y,,,~66.csv
ロロとっさに,,,,9,,,Y,,,~66.csv
家人の腕をつかむ,,,,9,,,Y,,,~66.csv
誠志,,,,9,,,Y,,,~66.csv
吾品る,,,,9,,,Y,,,~66.csv
ニニーーーューニ,,,,9,,,Y,,,~66.csv
品中,,,,9,,,Y,,,~66.csv
家を出て,,,,10,,,Y,,,~66.csv
自立,,,,10,,,Y,,,~66.csv
利益を,,,,10,,,Y,,,~66.csv
選元,,,,10,,,Y,,,~66.csv
時る,,,,10,,,Y,,,~66.csv
ネック,,,,10,,,Y,,,~66.csv
如叶る,,,,10,,,Y,,,~66.csv
次陥が,,,,10,,,Y,,,~66.csv
ストレスの発散,,,,10,,,Y,,,~66.csv
優勝という,,,,10,,,Y,,,~66.csv
快挙,,,,10,,,Y,,,~66.csv
議論が,,,,10,,,Y,,,~66.csv
よく似ていて,,,,10,,,Y,,,~66.csv
忠実に,,,,10,,,Y,,,~66.csv
は陸,,,,10,,,Y,,,~66.csv
心夫に,,,,10,,,Y,,,~66.csv
所除が行き届いている,,,,10,,,Y,,,~66.csv
幸えフト和,,,,10,,,Y,,,~66.csv
志久,,,,10,,,Y,,,~66.csv
一周入,,,,10,,,Y,,,~66.csv
念願,,,,10,,,Y,,,~66.csv
混乱を,,,,10,,,Y,,,~66.csv
助長する,,,,10,,,Y,,,~66.csv
ロ見返り,,,,10,,,Y,,,~66.csv
を求める,,,,10,,,Y,,,~66.csv
ト呈生き,,,,10,,,Y,,,~66.csv
上位に,,,,10,,,Y,,,~66.csv
代表チームが結成される,,,,10,,,Y,,,~66.csv
側の,,,,10,,,Y,,,~66.csv
手配,,,,10,,,Y,,,~66.csv
ロつくづく,,,,10,,,Y,,,~66.csv
均じる,,,,10,,,Y,,,~66.csv
名張がほぐれる,,,,10,,,Y,,,~66.csv
中外,,,,10,,,Y,,,~66.csv
居民,,,,10,,,Y,,,~66.csv
財供な,,,,11,,,Y,,,~66.csv
りズムに信,,,,11,,,Y,,,~66.csv
パムに合わせ,,,,11,,,Y,,,~66.csv
る天才叶,,,,11,,,Y,,,~66.csv
サイクル,,,,11,,,Y,,,~66.csv
を繰り返す,,,,11,,,Y,,,~66.csv
秒三者が仲武,,,,11,,,Y,,,~66.csv
志子のしわざ,,,,11,,,Y,,,~66.csv
人際め発覚,,,,11,,,Y,,,~66.csv
ロ病ががすべすべ,,,,11,,,Y,,,~66.csv
議論がかみ合わない,,,,11,,,Y,,,~66.csv
プライバシーを保護,,,,11,,,Y,,,~66.csv
ロ叫実に,,,,11,,,Y,,,~66.csv
再現した,,,,11,,,Y,,,~66.csv
水を爾手ですくう,,,,11,,,Y,,,~66.csv
念願,,,,11,,,Y,,,~66.csv
のマイホーム,,,,11,,,Y,,,~66.csv
るロ,,,,11,,,Y,,,~66.csv
カメラの,,,,11,,,Y,,,~66.csv
ピント,,,,11,,,Y,,,~66.csv
上位に,,,,11,,,Y,,,~66.csv
食い込,,,,11,,,Y,,,~66.csv
ロてっきり,,,,11,,,Y,,,~66.csv
地発の人かと時ったら,,,,11,,,Y,,,~66.csv
呈相,,,,11,,,Y,,,~66.csv
筐員が,,,,12,,,Y,,,~66.csv
全社を存続させる,,,,12,,,Y,,,~66.csv
秦成派,,,,12,,,Y,,,~66.csv
ロ人ををる風半,,,,12,,,Y,,,~66.csv
衝みる名知する,,,,12,,,Y,,,~66.csv
価もできめもどかしい,,,,12,,,Y,,,~66.csv
上江する,,,,12,,,Y,,,~66.csv
の了抹を基下した員,,,,12,,,Y,,,~66.csv
放夏,,,,12,,,Y,,,~66.csv
論されている,,,,12,,,Y,,,~66.csv
祭波,,,,12,,,Y,,,~66.csv
が間界中に,,,,12,,,Y,,,~66.csv
ロロの紳を,,,,12,,,Y,,,~66.csv
夫星,,,,12,,,Y,,,~66.csv
会吉,,,,17,,,Y,,,~66.csv
剖む,,,,17,,,Y,,,~66.csv
実情,,,,17,,,Y,,,~66.csv
に入れるの,,,,17,,,Y,,,~66.csv
合ったシステム,,,,17,,,Y,,,~66.csv
條の人の,,,,17,,,Y,,,~66.csv
混材,,,,17,,,Y,,,~66.csv
不備がある,,,,17,,,Y,,,~66.csv
総商の,,,,17,,,Y,,,~66.csv
復ロ,,,,17,,,Y,,,~66.csv
証拠礎十分で訴えは,,,,17,,,Y,,,~66.csv
彼の強み,,,,17,,,Y,,,~66.csv
脱却,,,,17,,,Y,,,~66.csv
ロ包,,,,17,,,Y,,,~66.csv
度対,,,,17,,,Y,,,~66.csv
会心の,,,,17,,,Y,,,~66.csv
出来,,,,17,,,Y,,,~66.csv
彼は次の大統領選には,,,,17,,,Y,,,~66.csv
六判衣な,,,,17,,,Y,,,~66.csv
ニュアンス,,,,17,,,Y,,,~66.csv
並行して供る,,,,17,,,Y,,,~66.csv
証言,,,,17,,,Y,,,~66.csv
事からの,,,,17,,,Y,,,~66.csv
抜粋,,,,17,,,Y,,,~66.csv
コピーー用紙の,,,,17,,,Y,,,~66.csv
ストック,,,,17,,,Y,,,~66.csv
確かにプロとアマチュアテ,,,,17,,,Y,,,~66.csv
歴然と,,,,17,,,Y,,,~66.csv
将来私はボランティア,,,,17,,,Y,,,~66.csv
話で,,,,17,,,Y,,,~66.csv
和完結する,,,,17,,,Y,,,~66.csv
章餅がフォローする,,,,17,,,Y,,,~66.csv
従事,,,,17,,,Y,,,~66.csv
ロ念願,,,,17,,,Y,,,~66.csv
のマイホーム,,,,17,,,Y,,,~66.csv
ロ本音,,,,17,,,Y,,,~66.csv
を言えば,,,,17,,,Y,,,~66.csv
母は一日中,,,,17,,,Y,,,~66.csv
秘られる,,,,17,,,Y,,,~66.csv
沿ホテル,,,,17,,,Y,,,~66.csv
縮維な,,,,17,,,Y,,,~66.csv
胃を評てる,,,,17,,,Y,,,~66.csv
にュースを報じる,,,,17,,,Y,,,~66.csv
糸倍及ぼす導者,,,,17,,,Y,,,~66.csv
日は日本一周をするこ,,,,17,,,Y,,,~66.csv
和もの,,,,17,,,Y,,,~66.csv
キャリア,,,,17,,,Y,,,~66.csv
軌道,,,,17,,,Y,,,~66.csv
催更,,,,17,,,Y,,,~66.csv
介科に導めにに,,,,17,,,Y,,,~66.csv
ロ結束,,,,17,,,Y,,,~66.csv
を蘭める,,,,17,,,Y,,,~66.csv
供僚な吉卒る間長に,,,,17,,,Y,,,~66.csv
ト呈,,,,17,,,Y,,,~66.csv
彼の行為は社,,,,17,,,Y,,,~66.csv
会病員,,,,17,,,Y,,,~66.csv
脱退,,,,17,,,Y,,,~66.csv
防犯対策の,,,,17,,,Y,,,~66.csv
閉店,,,,17,,,Y,,,~66.csv
ッターを閉,,,,17,,,Y,,,~66.csv
見合わせる,,,,17,,,Y,,,~66.csv
彼女は服の,,,,17,,,Y,,,~66.csv
センス,,,,17,,,Y,,,~66.csv
避束,,,,17,,,Y,,,~66.csv
孤パ,,,,18,,,Y,,,~66.csv
愛ね,,,,18,,,Y,,,~66.csv
やいそう正,,,,18,,,Y,,,~66.csv
ロあえて,,,,18,,,Y,,,~66.csv
明かす,,,,18,,,Y,,,~66.csv
サイズ,,,,18,,,Y,,,~66.csv
ロ圧迫,,,,18,,,Y,,,~66.csv
ロロあやふや押香各社品を定,,,,18,,,Y,,,~66.csv
誇張,,,,19,,,Y,,,~66.csv
ロサイズ,,,,19,,,Y,,,~66.csv
ロ再発巡,,,,19,,,Y,,,~66.csv
ロロさえる,,,,19,,,Y,,,~66.csv
中き君,,,,19,,,Y,,,~66.csv
察する,,,,19,,,Y,,,~66.csv
ロロさも,,,,19,,,Y,,,~66.csv
る中,,,,19,,,Y,,,~66.csv
ロしいて,,,,19,,,Y,,,~66.csv
ロ自覚志,,,,19,,,Y,,,~66.csv
ロしかける合,,,,19,,,Y,,,~66.csv
ロ辞退,,,,19,,,Y,,,~66.csv
ロシック,,,,19,,,Y,,,~66.csv
ロロしぶとい,,,,19,,,Y,,,~66.csv
ロロ視野,,,,19,,,Y,,,~66.csv
ロジャンル,,,,19,,,Y,,,~66.csv
ロ収容,,,,19,,,Y,,,~66.csv
ロ主導権,,,,19,,,Y,,,~66.csv
ロ硫庫入入季秘,,,,19,,,Y,,,~66.csv
ロ進呈,,,,19,,,Y,,,~66.csv
ロすがすがしい,,,,19,,,Y,,,~66.csv
ロすばしこい,,,,19,,,Y,,,~66.csv
ロスペーズスズ,,,,19,,,Y,,,~66.csv
ロ切実,,,,19,,,Y,,,~66.csv
ロロ夫取,,,,19,,,Y,,,~66.csv
ロせつない,,,,19,,,Y,,,~66.csv
ロロ設立如,,,,19,,,Y,,,~66.csv
ロセレモニ,,,,19,,,Y,,,~66.csv
ロ選考,,,,19,,,Y,,,~66.csv
ロ壮大る,,,,19,,,Y,,,~66.csv
ロ備わる,,,,19,,,Y,,,~66.csv
ロそっけない,,,,19,,,Y,,,~66.csv
上凍重,,,,19,,,Y,,,~66.csv
凍動,,,,19,,,Y,,,~66.csv
所議靖,,,,19,,,Y,,,~66.csv
ロロ所共,,,,19,,,Y,,,~66.csv
ロロ打義,,,,19,,,Y,,,~66.csv
ロだるい,,,,19,,,Y,,,~66.csv
半こ,,,,19,,,Y,,,~66.csv
ロ患告,,,,19,,,Y,,,~66.csv
直感的に,,,,19,,,Y,,,~66.csv
ロロ所,,,,19,,,Y,,,~66.csv
ロ紅ぐく,,,,19,,,Y,,,~66.csv
コネ,,,,19,,,Y,,,~66.csv
ロ手遅れ,,,,19,,,Y,,,~66.csv
計結,,,,19,,,Y,,,~66.csv
屋天宮,,,,19,,,Y,,,~66.csv
ロロつじつま,,,,19,,,Y,,,~66.csv
ロロ手順を,,,,19,,,Y,,,~66.csv
ロデータ,,,,19,,,Y,,,~66.csv
ロデザート,,,,19,,,Y,,,~66.csv
加を,,,,19,,,Y,,,~66.csv
ロ同意,,,,19,,,Y,,,~66.csv
ロ同感調,,,,19,,,Y,,,~66.csv
ロロ到底,,,,19,,,Y,,,~66.csv
ロどうにか,,,,19,,,Y,,,~66.csv
ロ特技,,,,19,,,Y,,,~66.csv
ロとぼける,,,,19,,,Y,,,~66.csv
ロ放り科まりに,,,,19,,,Y,,,~66.csv
ロ取り縮まる,,,,19,,,Y,,,~66.csv
ロ取,,,,19,,,Y,,,~66.csv
中可,,,,19,,,Y,,,~66.csv
人る,,,,19,,,Y,,,~66.csv
着斉,,,,20,,,Y,,,~66.csv
和何とぞ時,,,,20,,,Y,,,~66.csv
ト守下咽,,,,20,,,Y,,,~66.csv
る入,,,,20,,,Y,,,~66.csv
に入れるの,,,,20,,,Y,,,~66.csv
ナンセンス,,,,20,,,Y,,,~66.csv
目下失業中なので毎日,,,,20,,,Y,,,~66.csv
ロロ破率,,,,20,,,Y,,,~66.csv
生きるのがつらいといっ,,,,20,,,Y,,,~66.csv
生ゃす,,,,20,,,Y,,,~66.csv
和ネ加,,,,20,,,Y,,,~66.csv
ロひいては,,,,20,,,Y,,,~66.csv
一息,,,,20,,,Y,,,~66.csv
合生,,,,20,,,Y,,,~66.csv
貧弱,,,,20,,,Y,,,~66.csv
ロ頻繁,,,,20,,,Y,,,~66.csv
ファイト,,,,20,,,Y,,,~66.csv
母は私の気持ちを敏感に,,,,20,,,Y,,,~66.csv
フォーム,,,,20,,,Y,,,~66.csv
深まる,,,,20,,,Y,,,~66.csv
ふらふら電社利訪,,,,20,,,Y,,,~66.csv
時時,,,,20,,,Y,,,~66.csv
制して,,,,20,,,Y,,,~66.csv
振り出し,,,,20,,,Y,,,~66.csv
この夏は,,,,20,,,Y,,,~66.csv
むし盟く,,,,20,,,Y,,,~66.csv
ロ便宜,,,,20,,,Y,,,~66.csv
ロ返却,,,,20,,,Y,,,~66.csv
ロ補充,,,,20,,,Y,,,~66.csv
ロ募集,,,,20,,,Y,,,~66.csv
ロぼやけるる,,,,20,,,Y,,,~66.csv
ゴキブリは,,,,20,,,Y,,,~66.csv
見苦しい呈,,,,20,,,Y,,,~66.csv
ロ密接,,,,20,,,Y,,,~66.csv
ロ見積もる,,,,20,,,Y,,,~66.csv
講演者の話は長いわりに,,,,20,,,Y,,,~66.csv
ロ身なり,,,,20,,,Y,,,~66.csv
ロ身のりに,,,,20,,,Y,,,~66.csv
ロ未練,,,,20,,,Y,,,~66.csv
貧慣,,,,20,,,Y,,,~66.csv
ロ明白,,,,20,,,Y,,,~66.csv
ロ名准,,,,20,,,Y,,,~66.csv
ロ自飼ましい,,,,20,,,Y,,,~66.csv
彼が責任を取って辞職す,,,,20,,,Y,,,~66.csv
ロ模型,,,,20,,,Y,,,~66.csv
ロ箇個を見る,,,,20,,,Y,,,~66.csv
ロコ,,,,20,,,Y,,,~66.csv
正規,,,,20,,,Y,,,~66.csv
目下,,,,20,,,Y,,,~66.csv
ロもてなす,,,,20,,,Y,,,~66.csv
ロもろにる,,,,20,,,Y,,,~66.csv
彼らは見ず知らずの私た,,,,20,,,Y,,,~66.csv
野心,,,,20,,,Y,,,~66.csv
ロロややこしい,,,,20,,,Y,,,~66.csv
提ロ講虐,,,,20,,,Y,,,~66.csv
言わせてもらう,,,,20,,,Y,,,~66.csv
ロ抑制,,,,20,,,Y,,,~66.csv
ロよみがえる,,,,20,,,Y,,,~66.csv
以って,,,,20,,,Y,,,~66.csv
ロ連帯,,,,20,,,Y,,,~66.csv
ロロマンチック,,,,20,,,Y,,,~66.csv
ロリード,,,,20,,,Y,,,~66.csv
論理,,,,20,,,Y,,,~66.csv
ロ割り込む,,,,20,,,Y,,,~66.csv
な中,,,,20,,,Y,,,~66.csv
益る習型,,,,20,,,Y,,,~66.csv
始めて,,,,21,,,Y,,,~66.csv
着手して,,,,21,,,Y,,,~66.csv
笠本,,,,21,,,Y,,,~66.csv
傾向,,,,21,,,Y,,,~66.csv
トレンド,,,,21,,,Y,,,~66.csv
度格な呈,,,,21,,,Y,,,~66.csv
特によい時,,,,21,,,Y,,,~66.csv
和己,,,,21,,,Y,,,~66.csv
冷やかして,,,,21,,,Y,,,~66.csv
礎是議そうな,,,,21,,,Y,,,~66.csv
の衝,,,,21,,,Y,,,~66.csv
すべて井,,,,21,,,Y,,,~66.csv
重中,,,,21,,,Y,,,~66.csv
失げさ所,,,,21,,,Y,,,~66.csv
基難,,,,21,,,Y,,,~66.csv
所千,,,,21,,,Y,,,~66.csv
試練,,,,21,,,Y,,,~66.csv
簡てる,,,,21,,,Y,,,~66.csv
当面,,,,21,,,Y,,,~66.csv
ロ自前の由,,,,21,,,Y,,,~66.csv
へへ品早呈計,,,,21,,,Y,,,~66.csv
自分で買った二せ,,,,21,,,Y,,,~66.csv
凍較,,,,21,,,Y,,,~66.csv
委託する,,,,22,,,Y,,,~66.csv
懸念される,,,,22,,,Y,,,~66.csv
任せる,,,,22,,,Y,,,~66.csv
すがすがしい貞分,,,,22,,,Y,,,~66.csv
央やかな儲居儲狼定社,,,,22,,,Y,,,~66.csv
誤用を,,,,22,,,Y,,,~66.csv
工面する,,,,22,,,Y,,,~66.csv
沿する,,,,22,,,Y,,,~66.csv
用意するる,,,,22,,,Y,,,~66.csv
骸い,,,,22,,,Y,,,~66.csv
電語,,,,22,,,Y,,,~66.csv
雑な,,,,22,,,Y,,,~66.csv
坊和ネ社寺,,,,22,,,Y,,,~66.csv
不慮,,,,22,,,Y,,,~66.csv
の事故,,,,22,,,Y,,,~66.csv
うなだれる費,,,,22,,,Y,,,~66.csv
トドを,,,,22,,,Y,,,~66.csv
角ぐ,,,,22,,,Y,,,~66.csv
時土,,,,22,,,Y,,,~66.csv
盟会,,,,22,,,Y,,,~66.csv
根こそぎ,,,,22,,,Y,,,~66.csv
持ってい,,,,22,,,Y,,,~66.csv
打撃,,,,22,,,Y,,,~66.csv
順する,,,,22,,,Y,,,~66.csv
ダメージ,,,,22,,,Y,,,~66.csv
手腕,,,,22,,,Y,,,~66.csv
能力,,,,22,,,Y,,,~66.csv
時間を,,,,22,,,Y,,,~66.csv
ロスする,,,,22,,,Y,,,~66.csv
トトにする,,,,22,,,Y,,,~66.csv
仕事がはかどる,,,,22,,,Y,,,~66.csv
目下,,,,22,,,Y,,,~66.csv
引粒,,,,22,,,Y,,,~66.csv
今吉,,,,22,,,Y,,,~66.csv
改修職事を,,,,22,,,Y,,,~66.csv
請り負う,,,,22,,,Y,,,~66.csv
前き受ける,,,,22,,,Y,,,~66.csv
時する,,,,22,,,Y,,,~66.csv
工し上げる,,,,22,,,Y,,,~66.csv
この地方の,,,,22,,,Y,,,~66.csv
直る旦,,,,22,,,Y,,,~66.csv
符如弄,,,,22,,,Y,,,~66.csv
何だかやつれている,,,,23,,,Y,,,~66.csv
関する,,,,23,,,Y,,,~66.csv
節がけない,,,,23,,,Y,,,~66.csv
不護,,,,23,,,Y,,,~66.csv
の事吉,,,,23,,,Y,,,~66.csv
根こそぎ,,,,23,,,Y,,,~66.csv
時っていく,,,,23,,,Y,,,~66.csv
千曲,,,,23,,,Y,,,~66.csv
雷中する,,,,23,,,Y,,,~66.csv
つう没名する,,,,23,,,Y,,,~66.csv
才がの尺度,,,,23,,,Y,,,~66.csv
箱全な台,,,,23,,,Y,,,~66.csv
任凍,,,,23,,,Y,,,~66.csv
放心な,,,,23,,,Y,,,~66.csv
重要なる,,,,23,,,Y,,,~66.csv
憶調に進む,,,,23,,,Y,,,~66.csv
信吾が,,,,23,,,Y,,,~66.csv
千呈,,,,23,,,Y,,,~66.csv
我載,,,,23,,,Y,,,~66.csv
ロロ辛多,,,,23,,,Y,,,~66.csv
この地方ののしきたり,,,,23,,,Y,,,~66.csv
偵習愉,,,,23,,,Y,,,~66.csv
才さ,,,,23,,,Y,,,~66.csv
リスク,,,,24,,,Y,,,~66.csv
が伴う,,,,24,,,Y,,,~66.csv
トス軒,,,,24,,,Y,,,~66.csv
反人に,,,,24,,,Y,,,~66.csv
アイディアを,,,,24,,,Y,,,~66.csv
絶賛する,,,,24,,,Y,,,~66.csv
時った,,,,24,,,Y,,,~66.csv
自由なヵ,,,,24,,,Y,,,~66.csv
気ままな,,,,24,,,Y,,,~66.csv
その件ばうやむやゃに,,,,24,,,Y,,,~66.csv
いくつかヌ包,,,,24,,,Y,,,~66.csv
分担品,,,,24,,,Y,,,~66.csv
手分けに,,,,24,,,Y,,,~66.csv
お手上げだ,,,,24,,,Y,,,~66.csv
設理する,,,,24,,,Y,,,~66.csv
早く正確に,,,,24,,,Y,,,~66.csv
用意したを,,,,24,,,Y,,,~66.csv
究黙な,,,,24,,,Y,,,~66.csv
震なをを,,,,24,,,Y,,,~66.csv
調層した,,,,24,,,Y,,,~66.csv
同呈,,,,24,,,Y,,,~66.csv
ネ結計,,,,24,,,Y,,,~66.csv
温和な,,,,24,,,Y,,,~66.csv
性簡,,,,24,,,Y,,,~66.csv
衝やかな,,,,24,,,Y,,,~66.csv
人蘭が,,,,24,,,Y,,,~66.csv
紛紐した,,,,24,,,Y,,,~66.csv
場所を,,,,24,,,Y,,,~66.csv
ずれ込みそう,,,,24,,,Y,,,~66.csv
スポット,,,,24,,,Y,,,~66.csv
全皇する,,,,24,,,Y,,,~66.csv
華がないぇ,,,,24,,,Y,,,~66.csv
説明されなかうっ,,,,24,,,Y,,,~66.csv
無沸気な,,,,24,,,Y,,,~66.csv
が大,,,,24,,,Y,,,~66.csv
益る避穫,,,,24,,,Y,,,~66.csv
リスク(が伴う),,본 더,,1,,유의표현 기출어휘 2021-2010,OCR 추출 - 검수 권장,,,~115.csv
非常に素晴 VIばの,,,,1,,유의표현 기출어휘 2021-2010,OCR 추출 - 검수 권장,,,~115.csv
ご して,,편안히하고,,1,,유의표현 기출어휘 2021-2010,OCR 추출 - 검수 권장,,,~115.csv
くつろいで,,편안히쉬고 = ゆっくり,,1,,유의표현 기출어휘 2021-2010,OCR 추출 - 검수 권장,,,~115.csv
その件は)うやむやに aze) aatval,,,,1,,유의표현 기출어휘 2021-2010,OCR 추출 - 검수 권장,R0001,その件は)うやむやに aze) aatval = あいまいに,~115.csv
あいまいに,,,,1,,유의표현 기출어휘 2021-2010,OCR 추출 - 검수 권장,R0001,その件は)うやむやに aze) aatval = あいまいに,~115.csv
て ぁ ょこ,,없다,,1,,유의표현 기출어휘 2021-2010,OCR 추출 - 검수 권장,,,~115.csv
お手上げだ ase 5 どうしようもない,,,,1,,유의표현 기출어휘 2021-2010,OCR 추출 - 검수 권장,,,~115.csv
ここ ᄆ,,속수무책이다 ーーー,,1,,유의표현 기출어휘 2021-2010,OCR 추출 - 검수 권장,R0002,ここ ᄆ = 上げだ,~115.csv
上げだ,,속수무책이다 ーーー,,1,,유의표현 기출어휘 2021-2010,OCR 추출 - 검수 권장,R0002,ここ ᄆ = 上げだ,~115.csv
こんらん,,,,1,,유의표현 기출어휘 2021-2010,OCR 추출 - 검수 권장,,,~115.csv
混乱した,,,,1,,유의표현 기출어휘 2021-2010,OCR 추출 - 검수 권장,,,~115.csv
っ だ,,늦어질것길,,1,,유의표현 기출어휘 2021-2010,OCR 추출 - 검수 권장,,,~115.csv
すれ込みをうだ easaaa,,같다,,1,,유의표현 기출어휘 2021-2010,OCR 추출 - 검수 권장,R0003,すれ込みをうだ easaaa = 遅くなりそうた,~115.csv
遅くなりそうた,,같다,,1,,유의표현 기출어휘 2021-2010,OCR 추출 - 검수 권장,R0003,すれ込みをうだ easaaa = 遅くなりそうた,~115.csv
開 le ろくに介さなかった) mazawensacd,,베르 그다지,,1,,유의표현 기출어휘 2021-2010,OCR 추출 - 검수 권장,R0004,開 le ろくに介さなかった) mazawensacd = たいして,~115.csv
たいして,,베르 그다지,,1,,유의표현 기출어휘 2021-2010,OCR 추출 - 검수 권장,R0004,開 le ろくに介さなかった) mazawensacd = たいして,~115.csv
"スケール (が違う) Avie, weer cre)",,,,1,,유의표현 기출어휘 2021-2010,OCR 추출 - 검수 권장,,,~115.csv
寄与(にこよるところが大きい),,,,1,,유의표현 기출어휘 2021-2010,OCR 추출 - 검수 권장,,,~115.csv
っmain mmm ーー,,,,1,,유의표현 기출어휘 2021-2010,OCR 추출 - 검수 권장,,,~115.csv
ゥーつ選びなさい・ SSへ,,,,2,,유의표현 기출어휘 2021-2010,OCR 추출 - 검수 권장,,,~115.csv
生じつと見た zロ,,,,2,,유의표현 기출어휘 2021-2010,OCR 추출 - 검수 권장,,,~115.csv
思う 架空の(人物),,가2의인물 = AURD veel,,2,,유의표현 기출어휘 2021-2010,OCR 추출 - 검수 권장,,,~115.csv
かねがね(お目にかかりたいと) 5 以前から,,이전부터,,2,,유의표현 기출어휘 2021-2010,OCR 추출 - 검수 권장,,,~115.csv
当面(ない),,당분간(없대 = しばらくは geze,,2,,유의표현 기출어휘 2021-2010,OCR 추출 - 검수 권장,,,~115.csv
ぼやいている,,투덜거리고 있다 = BMT TS ewes,,2,,유의표현 기출어휘 2021-2010,OCR 추출 - 검수 권장,,,~115.csv
最低限,,으으 ーーー ーーーーーーーー ーー一,,2,,유의표현 기출어휘 2021-2010,OCR 추출 - 검수 권장,,,~115.csv
しっかりして,,,,2,,유의표현 기출어휘 2021-2010,OCR 추출 - 검수 권장,,,~115.csv
つぶやく,,중얼거리다 투덜대다 ニ 小さな声で言う 직은목소리로말하다,,2,,유의표현 기출어휘 2021-2010,OCR 추출 - 검수 권장,,,~115.csv
"不審な(9 sue, gdAale(",,,,2,,유의표현 기출어휘 2021-2010,OCR 추출 - 검수 권장,,,~115.csv
アイデンティティー | : _ ー,,,,2,,유의표현 기출어휘 2021-2010,OCR 추출 - 검수 권장,,,~115.csv
作務を)まっとうする em) galckddslH,,완료하다,,2,,유의표현 기출어휘 2021-2010,OCR 추출 - 검수 권장,R0005,作務を)まっとうする em) galckddslH = 完了する,~115.csv
完了する,,완료하다,,2,,유의표현 기출어휘 2021-2010,OCR 추출 - 검수 권장,R0005,作務を)まっとうする em) galckddslH = 完了する,~115.csv
異例の,,"이례적인 = Bw 드문, 희귀한",,2,,유의표현 기출어휘 2021-2010,OCR 추출 - 검수 권장,,,~115.csv
痕中した,,,,2,,유의표현 기출어휘 2021-2010,OCR 추출 - 검수 권장,,,~115.csv
危険 」 1 (お金に関しのルーズな(の) S だらしない,,야무지지못한 허술한,,2,,유의표현 기출어휘 2021-2010,OCR 추출 - 검수 권장,,,~115.csv
つながり,,,,2,,유의표현 기출어휘 2021-2010,OCR 추출 - 검수 권장,,,~115.csv
還還昌和,,,,2,,유의표현 기출어휘 2021-2010,OCR 추출 - 검수 권장,,,~115.csv
つぶさに,,자세히 구체적으로 = 詳細に We = 또때 = おっ とした』,,3,,유의표현 기출어휘 2021-2010,OCR 추출 - 검수 권장,,,~115.csv
プロジェクトについて)吟味する 検討する,,,,3,,유의표현 기출어휘 2021-2010,OCR 추출 - 검수 권장,,,~115.csv
ンプ ーーで 麻らしに)ゆ,,,,3,,유의표현 기출어휘 2021-2010,OCR 추출 - 검수 권장,,,~115.csv
すみやかに (庁づける),,발리 신속히(치우대 5 CASES seem ーー 즈으 若干(伸びてぃ,,3,,유의표현 기출어휘 2021-2010,OCR 추출 - 검수 권장,,,~115.csv
ばぱんやりしていた,,,,3,,유의표현 기출어휘 2021-2010,OCR 추출 - 검수 권장,,,~115.csv
妨害する(つもりはない),,없다) じゃまする wa = = 張り合って,,3,,유의표현 기출어휘 2021-2010,OCR 추출 - 검수 권장,,,~115.csv
エレガントな仙) sore ニコ上品な,,,,3,,유의표현 기출어휘 2021-2010,OCR 추출 - 검수 권장,,,~115.csv
しくじる,,망치다 실퍼하다 수 失敗する 실패하다 기 =m) 2016,,3,,유의표현 기출어휘 2021-2010,OCR 추출 - 검수 권장,,,~115.csv
ハムを)スライスして (wa),,"잘라서 ] "" 端的に(表して",,3,,유의표현 기출어휘 2021-2010,OCR 추출 - 검수 권장,,,~115.csv
めいめいに(配る),,각각에게 (나뉘주다) = 一人一人に 한시람한시람에게,,3,,유의표현 기출어휘 2021-2010,OCR 추출 - 검수 권장,,,~115.csv
わずらわしし,,,,3,,유의표현 기출어휘 2021-2010,OCR 추출 - 검수 권장,,,~115.csv
克明に(記される) awn ewer cigsicy 詳し < 丁寧に,,자세하게 정성들여 —_ ma かろうじて@,,3,,유의표현 기출어휘 2021-2010,OCR 추출 - 검수 권장,,,~115.csv
てだ ほうほう とそんしん ょ,,,,3,,유의표현 기출어휘 2021-2010,OCR 추출 - 검수 권장,,,~115.csv
改善する)手立て,,애선할)방법 방도 方法 wm | 自尊心(を取り,,3,,유의표현 기출어휘 2021-2010,OCR 추출 - 검수 권장,,,~115.csv
"ありありしと(澤.ぶ) SH01, ssi oech はっきり",,분명히 확실히 | ᄆ SSA,,3,,유의표현 기출어휘 2021-2010,OCR 추출 - 검수 권장,,,~115.csv
返事をしぶっていた,,,,3,,유의표현 기출어휘 2021-2010,OCR 추출 - 검수 권장,R0006,返事をしぶっていた = なかなか返事をしようとしなかった \ = とまどって,~115.csv
なかなか返事をしようとしなかった \,,,,3,,유의표현 기출어휘 2021-2010,OCR 추출 - 검수 권장,R0006,返事をしぶっていた = なかなか返事をしようとしなかった \ = とまどって,~115.csv
とまどって,,,,3,,유의표현 기출어휘 2021-2010,OCR 추출 - 검수 권장,R0006,返事をしぶっていた = なかなか返事をしようとしなかった \ = とまどって,~115.csv
故意に(捨てた,,,,3,,유의표현 기출어휘 2021-2010,OCR 추출 - 검수 권장,,,~115.csv
鈴木さんに) お,,,,3,,유의표현 기출어휘 2021-2010,OCR 추출 - 검수 권장,,,~115.csv
粘り強く(交渉した),,"끈기있게(엽상혔다 5 @증ᄆᄃ0609 [2 포기하지않고 7 ~,",,3,,유의표현 기출어휘 2021-2010,OCR 추출 - 검수 권장,,,~115.csv
"入念に(調査を行う) B01, 8| aw sich",,세심하게공들여 し 一一,,3,,유의표현 기출어휘 2021-2010,OCR 추출 - 검수 권장,R0007,"入念に(調査を行う) B01, 8| aw sich = 細かく丁寧に",~115.csv
細かく丁寧に,,세심하게공들여 し 一一,,3,,유의표현 기출어휘 2021-2010,OCR 추출 - 검수 권장,R0007,"入念に(調査を行う) B01, 8| aw sich = 細かく丁寧に",~115.csv
おびえて,,,,3,,유의표현 기출어휘 2021-2010,OCR 추출 - 검수 권장,,,~115.csv
なんとなく,,원지모르. 그냥 11 t と,,3,,유의표현 기출어휘 2021-2010,OCR 추출 - 검수 권장,,,~115.csv
方法の難点 (,,"문제점 悪いところ 나쁜 점. 단점 "" a ての",,3,,유의표현 기출어휘 2021-2010,OCR 추출 - 검수 권장,,,~115.csv
むっとしたようだった,,,,4,,유의표현 기출어휘 2021-2010,OCR 추출 - 검수 권장,,,~115.csv
問い合わせた,,,,4,,유의표현 기출어휘 2021-2010,OCR 추출 - 검수 권장,,,~115.csv
用 (発言を)撤回した (Wels) al,,,,4,,유의표현 기출어휘 2021-2010,OCR 추출 - 검수 권장,R0008,用 (発言を)撤回した (Wels) al = とりけした,~115.csv
とりけした,,,,4,,유의표현 기출어휘 2021-2010,OCR 추출 - 검수 권장,R0008,用 (発言を)撤回した (Wels) al = とりけした,~115.csv
競い合っつている,,"경쟁하고 있다,겨루고 있다",,4,,유의표현 기출어휘 2021-2010,OCR 추출 - 검수 권장,,,~115.csv
端的に(表している),,단적으로(표현하고 있다! = 明白に ws,,4,,유의표현 기출어휘 2021-2010,OCR 추출 - 검수 권장,,,~115.csv
ロかろう じて(全市しな),,"겨우 ZI (Zt) 何とか 그럭저럭, 간신히",,4,,유의표현 기출어휘 2021-2010,OCR 추출 - 검수 권장,,,~115.csv
人人加入,,프리이드 자존심,,4,,유의표현 기출어휘 2021-2010,OCR 추출 - 검수 권장,R0009,人人加入 = プライド,~115.csv
プライド,,프리이드 자존심,,4,,유의표현 기출어휘 2021-2010,OCR 추출 - 검수 권장,R0009,人人加入 = プライド,~115.csv
もんだい ちい,,,,4,,유의표현 기출어휘 2021-2010,OCR 추출 - 검수 권장,,,~115.csv
とまどって ga,,,,4,,유의표현 기출어휘 2021-2010,OCR 추출 - 검수 권장,R0010,とまどって ga = 困って,~115.csv
困って,,,,4,,유의표현 기출어휘 2021-2010,OCR 추출 - 검수 권장,R0010,とまどって ga = 困って,~115.csv
かねがね(お会いしたいと) sig cfm),,전부터,,4,,유의표현 기출어휘 2021-2010,OCR 추출 - 검수 권장,,,~115.csv
侯夫さんに)おわびした (,,스즈키씨에게)사죄했다 = AE Ze Atziauct,,4,,유의표현 기출어휘 2021-2010,OCR 추출 - 검수 권장,,,~115.csv
その一言に)安培した (,,한마디에 인도했다 = ほっとした 안심했다,,4,,유의표현 기출어휘 2021-2010,OCR 추출 - 검수 권장,,,~115.csv
完成,,완성되디,,5,,유의표현 기출어휘 2021-2010,OCR 추출 - 검수 권장,,,~115.csv
助言を求められる 2018 2880) ャアルイス,,,,5,,유의표현 기출어휘 2021-2010,OCR 추출 - 검수 권장,,,~115.csv
さっかく みん5が,,,,5,,유의표현 기출어휘 2021-2010,OCR 추출 - 검수 권장,,,~115.csv
人死に弁解する (antes),,,,5,,유의표현 기출어휘 2021-2010,OCR 추출 - 검수 권장,,,~115.csv
"ありふれた(もの) HL ake, Sabet! 2)",,,,5,,유의표현 기출어휘 2021-2010,OCR 추출 - 검수 권장,R0011,"ありふれた(もの) HL ake, Sabet! 2) = 平凡な",~115.csv
平凡な,,,,5,,유의표현 기출어휘 2021-2010,OCR 추출 - 검수 권장,R0011,"ありふれた(もの) HL ake, Sabet! 2) = 平凡な",~115.csv
たいしょ あわ,,,,5,,유의표현 기출어휘 2021-2010,OCR 추출 - 검수 권장,,,~115.csv
備てすずに suse レン,,,,5,,유의표현 기출어휘 2021-2010,OCR 추출 - 검수 권장,,,~115.csv
とっぜん,,,,5,,유의표현 기출어휘 2021-2010,OCR 추출 - 검수 권장,,,~115.csv
大げさに wes と,,,,5,,유의표현 기출어휘 2021-2010,OCR 추출 - 검수 권장,,,~115.csv
無償で(受けられる) 2822284 2),,,,5,,유의표현 기출어휘 2021-2010,OCR 추출 - 검수 권장,R0012,無償で(受けられる) 2822284 2) = ただで 282 一,~115.csv
ただで 282 一,,,,5,,유의표현 기출어휘 2021-2010,OCR 추출 - 검수 권장,R0012,無償で(受けられる) 2822284 2) = ただで 282 一,~115.csv
日,,,,5,,유의표현 기출어휘 2021-2010,OCR 추출 - 검수 권장,R0013,日 = どう しよう,~115.csv
どう しよう,,,,5,,유의표현 기출어휘 2021-2010,OCR 추출 - 검수 권장,R0013,日 = どう しよう,~115.csv
"案の定 owe cram, o1aciz",,,,6,,유의표현 기출어휘 2021-2010,OCR 추출 - 검수 권장,R0014,"案の定 owe cram, o1aciz = やはり",~115.csv
やはり,,,,6,,유의표현 기출어휘 2021-2010,OCR 추출 - 검수 권장,R0014,"案の定 owe cram, o1aciz = やはり",~115.csv
不用意な(発言 BAO Bt (ate),,,,6,,유의표현 기출어휘 2021-2010,OCR 추출 - 검수 권장,R0015,不用意な(発言 BAO Bt (ate) = 不注意な,~115.csv
不注意な,,,,6,,유의표현 기출어휘 2021-2010,OCR 추출 - 검수 권장,R0015,不用意な(発言 BAO Bt (ate) = 不注意な,~115.csv
厄介な(問題),,번거로운(문제 = if 찮은,,6,,유의표현 기출어휘 2021-2010,OCR 추출 - 검수 권장,,,~115.csv
マ | ᄆ (当時のことを)回想する (,,당시의일을)회상하다 = 思い返す (지난일 결정한일올)다시 생각하다,,6,,유의표현 기출어휘 2021-2010,OCR 추출 - 검수 권장,,,~115.csv
手分け ga,,,,6,,유의표현 기출어휘 2021-2010,OCR 추출 - 검수 권장,R0016,手分け ga = 分担,~115.csv
分担,,,,6,,유의표현 기출어휘 2021-2010,OCR 추출 - 검수 권장,R0016,手分け ga = 分担,~115.csv
いgunん,,,,6,,유의표현 기출어휘 2021-2010,OCR 추출 - 검수 권장,,,~115.csv
これまでの,,,,6,,유의표현 기출어휘 2021-2010,OCR 추출 - 검수 권장,,,~115.csv
あらかじめ(お送りします) 回(ME当HED 生 事前に,,사전. 미리,,6,,유의표현 기출어휘 2021-2010,OCR 추출 - 검수 권장,,,~115.csv
に 1 suee ばつ<ん <5 を< ま,,,,6,,유의표현 기출어휘 2021-2010,OCR 추출 - 검수 권장,,,~115.csv
ほかと比べて特に良かった,,,,6,,유의표현 기출어휘 2021-2010,OCR 추출 - 검수 권장,,,~115.csv
に しえん,,,,6,,유의표현 기출어휘 2021-2010,OCR 추출 - 검수 권장,,,~115.csv
バパックアップ(を受ける) 回,,,,6,,유의표현 기출어휘 2021-2010,OCR 추출 - 검수 권장,R0017,バパックアップ(を受ける) 回 = 支援,~115.csv
支援,,,,6,,유의표현 기출어휘 2021-2010,OCR 추출 - 검수 권장,R0017,バパックアップ(を受ける) 回 = 支援,~115.csv
ンー,,,,6,,유의표현 기출어휘 2021-2010,OCR 추출 - 검수 권장,R0018,ンー = きょうてん 8どろ,~115.csv
きょうてん 8どろ,,,,6,,유의표현 기출어휘 2021-2010,OCR 추출 - 검수 권장,R0018,ンー = きょうてん 8どろ,~115.csv
に | ᄆ 仰天した,,깜짝놀랐다 = ETHIE 아주놀랐다,,6,,유의표현 기출어휘 2021-2010,OCR 추출 - 검수 권장,,,~115.csv
ニーに oBpiaditcay aeavoms だいたい,,,,6,,유의표현 기출어휘 2021-2010,OCR 추출 - 검수 권장,,,~115.csv
ことごとく,,,,6,,유의표현 기출어휘 2021-2010,OCR 추출 - 검수 권장,,,~115.csv
雑踏(を抜けた) Sater Ree wetLizicd & 人込み,,북적임.북적이는곳,,6,,유의표현 기출어휘 2021-2010,OCR 추출 - 검수 권장,,,~115.csv
人必発生のメカニズム,,,,6,,유의표현 기출어휘 2021-2010,OCR 추출 - 검수 권장,R0019,人必発生のメカニズム = しくみ,~115.csv
しくみ,,,,6,,유의표현 기출어휘 2021-2010,OCR 추출 - 검수 권장,R0019,人必発生のメカニズム = しくみ,~115.csv
うら,,나으,,6,,유의표현 기출어휘 2021-2010,OCR 추출 - 검수 권장,,,~115.csv
ほうほう,,,,6,,유의표현 기출어휘 2021-2010,OCR 추출 - 검수 권장,,,~115.csv
刺激を受ける,,,,7,,유의표현 기출어휘 2021-2010,OCR 추출 - 검수 권장,,,~115.csv
ンプ にSN (結果を聞いて),,,,7,,유의표현 기출어휘 2021-2010,OCR 추출 - 검수 권장,,,~115.csv
"きんか , だんねん アー",,,,7,,유의표현 기출어휘 2021-2010,OCR 추출 - 검수 권장,,,~115.csv
参加を)断念する (,,참가를)딘념하다 = あきさらめる 포기하다,,7,,유의표현 기출어휘 2021-2010,OCR 추출 - 검수 권장,,,~115.csv
自然に,,자연스럽게 ンー ーー 2010,,7,,유의표현 기출어휘 2021-2010,OCR 추출 - 검수 권장,,,~115.csv
ルーズな(と,,,,7,,유의표현 기출어휘 2021-2010,OCR 추출 - 검수 권장,,,~115.csv
スケール(が謗う),,스케일 규모가다르다 느 規模 ae qT (この職場にも),,7,,유의표현 기출어휘 2021-2010,OCR 추출 - 검수 권장,,,~115.csv
レしきりにらなずく),,,,7,,유의표현 기출어휘 2021-2010,OCR 추출 - 검수 권장,,,~115.csv
朗報が届く),,,,7,,유의표현 기출어휘 2021-2010,OCR 추출 - 검수 권장,,,~115.csv
先方(に確認する),,상대편이게획인하다) = 相手 상대 = _-,,7,,유의표현 기출어휘 2021-2010,OCR 추출 - 검수 권장,,,~115.csv
けなされる,,먹다 & 悪く言われる 나른말을듣다 a :,,7,,유의표현 기출어휘 2021-2010,OCR 추출 - 검수 권장,,,~115.csv
ロ おっくうだ,,귀찮다 번거릅다 = 面倒だ sei vesweus,,7,,유의표현 기출어휘 2021-2010,OCR 추출 - 검수 권장,,,~115.csv
出席者が)ま,,,,7,,유의표현 기출어휘 2021-2010,OCR 추출 - 검수 권장,,,~115.csv
いま [,,,,7,,유의표현 기출어휘 2021-2010,OCR 추출 - 검수 권장,R0020,いま [= == 丹念に(新聞,~115.csv
丹念に(新聞,,,,7,,유의표현 기출어휘 2021-2010,OCR 추출 - 검수 권장,R0020,いま [= == 丹念に(新聞,~115.csv
画期的な(手決),,"획기적인(수법-기과 느 今までになく新しい sar te size 정성들여, 꼼꼼히 (A",,7,,유의표현 기출어휘 2021-2010,OCR 추출 - 검수 권장,,,~115.csv
計画する,,게회하다 때 = db tata,,7,,유의표현 기출어휘 2021-2010,OCR 추출 - 검수 권장,,,~115.csv
手がかりの店しい),,단세(가 필요하다) = ヒント ws Ghia RA:,,7,,유의표현 기출어휘 2021-2010,OCR 추출 - 검수 권장,,,~115.csv
にわかには(徐じられない) siesta すぐには,,바르는. ese やおをえず,,7,,유의표현 기출어휘 2021-2010,OCR 추출 - 검수 권장,,,~115.csv
この負ば重宝している 5 便利で役に立っている ~,,,,7,,유의표현 기출어휘 2021-2010,OCR 추출 - 검수 권장,,,~115.csv
件事に対しでてシピアだ 5 厳しい,,엽에다 지독하다 = oe,,7,,유의표현 기출어휘 2021-2010,OCR 추출 - 검수 권장,,,~115.csv
ありきたりの(もの),,흔한 weet 2) = 平凡な 평범한 ~ =ョンー,,7,,유의표현 기출어휘 2021-2010,OCR 추출 - 검수 권장,,,~115.csv
ンドここ,,,,8,,유의표현 기출어휘 2021-2010,OCR 추출 - 검수 권장,,,~115.csv
レシーーー りく,,,,8,,유의표현 기출어휘 2021-2010,OCR 추출 - 검수 권장,,,~115.csv
けっか 「 (,,,,8,,유의표현 기출어휘 2021-2010,OCR 추출 - 검수 권장,,,~115.csv
と ンー,,나 ~ Ghetocifiliss (결과를 듣고) 낙담하다 = 70170) 10 9 쓰 실망하다,,8,,유의표현 기출어휘 2021-2010,OCR 추출 - 검수 권장,,,~115.csv
しょうせつ。 けつまつ Meo ~,,,,8,,유의표현 기출어휘 2021-2010,OCR 추출 - 검수 권장,,,~115.csv
小説の結末は)あっけない,,수 療外につま らない 의외로 재미없다,,8,,유의표현 기출어휘 2021-2010,OCR 추출 - 검수 권장,,,~115.csv
ルーズな(ところ),,칠침치못한 허술한(면 = だらしない 칠칠치못한,,8,,유의표현 기출어휘 2021-2010,OCR 추출 - 검수 권장,,,~115.csv
しくば な,,,,8,,유의표현 기출어휘 2021-2010,OCR 추출 - 검수 권장,,,~115.csv
この職場にも)なじ$け (,,이 직장에도) 익숙해지다 慣れる 익숙해지다,,8,,유의표현 기출어휘 2021-2010,OCR 추출 - 검수 권장,,,~115.csv
は ぁ うそう,,,,8,,유의표현 기출어휘 2021-2010,OCR 추출 - 검수 권장,,,~115.csv
お互いに)張り合う (,,서리경정하다 + 競争する 경정하다,,8,,유의표현 기출어휘 2021-2010,OCR 추출 - 검수 권장,,,~115.csv
るうほう,,,,8,,유의표현 기출어휘 2021-2010,OCR 추출 - 검수 권장,,,~115.csv
朗報(が届く),,낭보 기쁜소식이도칙하대 = うれしい知らせ 74,,8,,유의표현 기출어휘 2021-2010,OCR 추출 - 검수 권장,,,~115.csv
わずらわしい(作業) 33ほ(8,,,,8,,유의표현 기출어휘 2021-2010,OCR 추출 - 검수 권장,R0021,わずらわしい(作業) 33ほ(8 = 面倒な,~115.csv
面倒な,,,,8,,유의표현 기출어휘 2021-2010,OCR 추출 - 검수 권장,R0021,わずらわしい(作業) 33ほ(8 = 面倒な,~115.csv
いやみ(を言われた),,빈정거림 비야9을들있다 느 皮際gole,,8,,유의표현 기출어휘 2021-2010,OCR 추출 - 검수 권장,,,~115.csv
ら だ (,,참석자개'드문드문하다 두 少ない 적다,,8,,유의표현 기출어휘 2021-2010,OCR 추출 - 검수 권장,,,~115.csv
丹念に(新聞に目を通す),,,,8,,유의표현 기출어휘 2021-2010,OCR 추출 - 검수 권장,,,~115.csv
しこと A peest すすチ,,,,8,,유의표현 기출어휘 2021-2010,OCR 추출 - 검수 권장,,,~115.csv
仕事がはかどっている (,,진척되고있다 4 順調に進んでいる 순조롭게진행되고 있다,,8,,유의표현 기출어휘 2021-2010,OCR 추출 - 검수 권장,,,~115.csv
やりをえず,,,,8,,유의표현 기출어휘 2021-2010,OCR 추출 - 검수 권장,,,~115.csv
曲 2025-2021 ) 議題),,,,9,,용법 기출어휘 2025-2021,OCR 추출 - 검수 권장,,,~115.csv
まろやかな(仙) mae.ser) ) bbe fii cist CDるロロ ーー,,,,9,,용법 기출어휘 2025-2021,OCR 추출 - 검수 권장,,,~115.csv
目標には)程遠い (,,"목표에는) 동떨어지다, 차이가 많이 나다 を",,9,,용법 기출어휘 2025-2021,OCR 추출 - 검수 권장,,,~115.csv
だっ8e< ンー へ デマ(,,,,9,,용법 기출어휘 2025-2021,OCR 추출 - 검수 권장,,,~115.csv
地lol0 wire RON り ・,,이,,9,,용법 기출어휘 2025-2021,OCR 추출 - 검수 권장,,,~115.csv
うんよう,,,,9,,용법 기출어휘 2025-2021,OCR 추출 - 검수 권장,,,~115.csv
あみつみesっ y Jal),,,,9,,용법 기출어휘 2025-2021,OCR 추출 - 검수 권장,,,~115.csv
級密な(観察),,,,9,,용법 기출어휘 2025-2021,OCR 추출 - 검수 권장,,,~115.csv
傘が犬きくで迫力がある (,,"몸집이 크고) 박력이 있다, 기세가 대단하다 ーーー",,9,,용법 기출어휘 2025-2021,OCR 추출 - 검수 권장,,,~115.csv
社会の)風潮 (lale) き,,변화를) 가져오다. 초래하다,,9,,용법 기출어휘 2025-2021,OCR 추출 - 검수 권장,R0022,社会の)風潮 (lale) き= ᄆ (変化た)もたらす (,~115.csv
ᄆ (変化た)もたらす (,,변화를) 가져오다. 초래하다,,9,,용법 기출어휘 2025-2021,OCR 추출 - 검수 권장,R0022,社会の)風潮 (lale) き= ᄆ (変化た)もたらす (,~115.csv
てかい,,이 3,,9,,용법 기출어휘 2025-2021,OCR 추출 - 검수 권장,,,~115.csv
発言を)撤回する (Wel) ls ᄆ コンスタントに(売れている) Pasi wen ach ~,,,,9,,용법 기출어휘 2025-2021,OCR 추출 - 검수 권장,,,~115.csv
ずばりと(指揃される),,딱(지적받다) sae 정확히 mes 모양 — ——,,9,,용법 기출어휘 2025-2021,OCR 추출 - 검수 권장,,,~115.csv
木材を)加工する (,,목재를)가공하다 ᄆ (3 ADFHE) FED (3명의아이를)양육하다. 기르다 i,,9,,용법 기출어휘 2025-2021,OCR 추출 - 검수 권장,,,~115.csv
りくCょうせんしゅ し しっ せいとう 2か ーーー ーー ーー,,그,,9,,용법 기출어휘 2025-2021,OCR 추출 - 검수 권장,,,~115.csv
正当な(評価,,,,9,,용법 기출어휘 2025-2021,OCR 추출 - 검수 권장,,,~115.csv
ストーリーはありきたりだ らmale) afl o 績しい)間柄 ae an ~,,,,9,,용법 기출어휘 2025-2021,OCR 추출 - 검수 권장,,,~115.csv
よくなる)兆し,,"조짐,징조 人観客を)収容する wre) egatct",,10,,용법 기출어휘 2025-2021,OCR 추출 - 검수 권장,,,~115.csv
めら っ5れつ,,,,10,,용법 기출어휘 2025-2021,OCR 추출 - 검수 권장,,,~115.csv
品目がさえる,,잠이안오다 눈이말똥말똥하다 痛烈な(批判 Sete! cole,,10,,용법 기출어휘 2025-2021,OCR 추출 - 검수 권장,,,~115.csv
かんBつ,,,,10,,용법 기출어휘 2025-2021,OCR 추출 - 검수 권장,,,~115.csv
ん かいや< os とくきん,,,,10,,용법 기출어휘 2025-2021,OCR 추출 - 검수 권장,,,~115.csv
保険を)解約する exe) lets ] (村の)特産 (,,특산,,10,,용법 기출어휘 2025-2021,OCR 추출 - 검수 권장,,,~115.csv
友人たちから)問い詰められる (,,친구들이게 추궁당하다,,10,,용법 기출어휘 2025-2021,OCR 추출 - 검수 권장,,,~115.csv
デマ(を流す) Xelol恒,,,,10,,용법 기출어휘 2025-2021,OCR 추출 - 검수 권장,,,~115.csv
手痛いほミカ,,뼈아픈.심한(실수) 화깜(20400 =き,,11,,용법 기출어휘 2025-2021,OCR 추출 - 검수 권장,,,~115.csv
工場を)誘致する (,,공장을)유치하다 ーー — かたくなに(押し遂,,11,,용법 기출어휘 2025-2021,OCR 추출 - 검수 권장,,,~115.csv
し| しニュ,,,,11,,용법 기출어휘 2025-2021,OCR 추출 - 검수 권장,,,~115.csv
均等に(痢り療る) sa (WeicD (ade HR Uz (,,,,12,,용법 기출어휘 2025-2021,OCR 추출 - 검수 권장,,,~115.csv
ジャズの)本場 Wes)gag [ Gia Pic) Bab S (,,"정열을 마음속에) 간직하다, 숨기다",,12,,용법 기출어휘 2025-2021,OCR 추출 - 검수 권장,,,~115.csv
るこっ ee ap ureuus こみ,,,,12,,용법 기출어휘 2025-2021,OCR 추출 - 검수 권장,,,~115.csv
かたぐなに(施し遂した),,완강하게 err worms,,12,,용법 기출어휘 2025-2021,OCR 추출 - 검수 권장,,,~115.csv
本9 ちの犬は私の友信に)なついている (,,우리집 개는 내 친구를) 잘 따른다,,12,,용법 기출어휘 2025-2021,OCR 추출 - 검수 권장,,,~115.csv
部長に)昇進,,,,13,,용법 기출어휘 2020-2010,OCR 추출 - 검수 권장,,,~115.csv
コン ᆞ,,,,13,,용법 기출어휘 2020-2010,OCR 추출 - 검수 권장,R0023,コン ᆞ = (,~115.csv
(,,,,13,,용법 기출어휘 2020-2010,OCR 추출 - 검수 권장,R0023,コン ᆞ = (,~115.csv
にの団体は)発足し,,,,13,,용법 기출어휘 2020-2010,OCR 추출 - 검수 권장,,,~115.csv
はや(通用しない),,이제는 (통용되지잃는다) CPUC Gites) 원왕하게(운영하다) ie 625,,13,,용법 기출어휘 2020-2010,OCR 추출 - 검수 권장,,,~115.csv
観客を)収容する (,,관객을)수용하다 ᄆ 実に(よく書けている) 실로잘쓰여있다 — 벅 by,,13,,용법 기출어휘 2020-2010,OCR 추출 - 검수 권장,,,~115.csv
一日に6 キロを)目安(に (,,하루 6로미터를 sae Ze cuss,,13,,용법 기출어휘 2020-2010,OCR 추출 - 검수 권장,,,~115.csv
まう 7 の 素早い(対応) ae (,,,,13,,용법 기출어휘 2020-2010,OCR 추출 - 검수 권장,,,~115.csv
社会の)様相 (lsls) ga. ge 26 ᄆ (冗談を)交える (sae),,더 we,,13,,용법 기출어휘 2020-2010,OCR 추출 - 검수 권장,,,~115.csv
ようほう neっ Bh 7 (地位を)退く,,,,13,,용법 기출어휘 2020-2010,OCR 추출 - 검수 권장,,,~115.csv
市民の)要望 (lele),,"요망, 바람",,13,,용법 기출어휘 2020-2010,OCR 추출 - 검수 권장,,,~115.csv
定説を) す See),,뒤집어 act sect ae ae,,13,,용법 기출어휘 2020-2010,OCR 추출 - 검수 권장,,,~115.csv
閑静な(場所),,,,13,,용법 기출어휘 2020-2010,OCR 추출 - 검수 권장,,,~115.csv
スーバーが繁盛する (emlatoD eslt 。 口 (括散しのくじける (Ga レー,,,,13,,용법 기출어휘 2020-2010,OCR 추출 - 검수 권장,,,~115.csv
ひたむきな(次) aga (,,막싱막하 ーーー,,13,,용법 기출어휘 2020-2010,OCR 추출 - 검수 권장,R0024,ひたむきな(次) aga (=@) ᄆ GAA wee),~115.csv
@) ᄆ GAA wee),,막싱막하 ーーー,,13,,용법 기출어휘 2020-2010,OCR 추출 - 검수 권장,R0024,ひたむきな(次) aga (=@) ᄆ GAA wee),~115.csv
なく を,,오나 はOS i 2015,,13,,용법 기출어휘 2020-2010,OCR 추출 - 검수 권장,,,~115.csv
らんしき — ーー 人究に)滋頭 WoW き,,,,13,,용법 기출어휘 2020-2010,OCR 추출 - 검수 권장,,,~115.csv
調査に)乗り出す (,,조사에착수하다 ᄆ 面識(はない) 면식 안면은없다: Ro,,13,,용법 기출어휘 2020-2010,OCR 추출 - 검수 권장,,,~115.csv
心当たり(がない),,짐작가는곳이없다 = mm 更(変えるように),,13,,용법 기출어휘 2020-2010,OCR 추출 - 검수 권장,,,~115.csv
んVんそう ち さ Ce),,,,13,,용법 기출어휘 2020-2010,OCR 추출 - 검수 권장,,,~115.csv
しがとい(ところ),,완고한(멘 (ME Lite CMF,,13,,용법 기출어휘 2020-2010,OCR 추출 - 검수 권장,,,~115.csv
っ る Ete :,,,,13,,용법 기출어휘 2020-2010,OCR 추출 - 검수 권장,R0025,っ る Ete : =H 。,~115.csv
H 。,,,,13,,용법 기출어휘 2020-2010,OCR 추출 - 검수 권장,R0025,っ る Ete : =H 。,~115.csv
折る)基調(に (,,왼색을)기조로 바탕으로 ᄆ MAND S ILS (짐0!부피가크다 ーー (貴任をとって)矢件,,13,,용법 기출어휘 2020-2010,OCR 추출 - 검수 권장,,,~115.csv
パソコンが備え付けてある (,,비치되어있다 구비되어있다 ‘lS HEROES,,13,,용법 기출어휘 2020-2010,OCR 추출 - 검수 권장,,,~115.csv
こうきく,,,,13,,용법 기출어휘 2020-2010,OCR 추출 - 검수 권장,,,~115.csv
破損がはなはだしい,,,,13,,용법 기출어휘 2020-2010,OCR 추출 - 검수 권장,,,~115.csv
をっつ)見落とす om kmeeti データの重複 (delele),,,,14,,용법 기출어휘 2020-2010,OCR 추출 - 검수 권장,,,~115.csv
人所に em es 1 真っ死に(明光か) oem (,,,,14,,용법 기출어휘 2020-2010,OCR 추출 - 검수 권장,,,~115.csv
病藤な(用,,,,14,,용법 기출어휘 2020-2010,OCR 추출 - 검수 권장,,,~115.csv
たやすく GETS S),,,,14,,용법 기출어휘 2020-2010,OCR 추출 - 검수 권장,,,~115.csv
軌道(を候正する),,케도를수정히대,,14,,용법 기출어휘 2020-2010,OCR 추출 - 검수 권장,,,~115.csv
ほる) ᄆ もはや(生出しない),,이제는(용되지않는대,,14,,용법 기출어휘 2020-2010,OCR 추출 - 검수 권장,,,~115.csv
世界でも)有,,,,15,,용법 기출어휘 2020-2010,OCR 추출 - 검수 권장,,,~115.csv
ロ (値段のシールを)はがす (,,"가격택을)떼다,벗기다 ! (情熱お)秘め",,15,,용법 기출어휘 2020-2010,OCR 추출 - 검수 권장,,,~115.csv
診る)損なう (dgt) aig の mote o @2t-71),,하다. AIC = ie BU Cathe,,15,,용법 기출어휘 2020-2010,OCR 추출 - 검수 권장,,,~115.csv
くめん ot ... ~,,구개,,15,,용법 기출어휘 2020-2010,OCR 추출 - 검수 권장,,,~115.csv
一人で抱え込む (,,자세 GHCH 一 owe) meicr @ (않은 것을) 떠말다 il 2011 > 다레:,,15,,용법 기출어휘 2020-2010,OCR 추출 - 검수 권장,,,~115.csv
人一倍(努力する) wae ersicy—suae 9 Pita BIH UZ (,,정전이) 복구되었다 ンー = ~ (87922 3 (,,15,,용법 기출어휘 2020-2010,OCR 추출 - 검수 권장,,,~115.csv
ぇんのっ,,,,15,,용법 기출어휘 2020-2010,OCR 추출 - 검수 권장,,,~115.csv
円滑に(苺お) WsP(GMWgi) ᄆ (母がかばってくれた (,,엄마가김싸주었다 — = ma (経済的に)ゆと,,15,,용법 기출어휘 2020-2010,OCR 추출 - 검수 권장,,,~115.csv
めい,,개 = 때 나주 이,,15,,용법 기출어휘 2020-2010,OCR 추출 - 검수 권장,,,~115.csv
他社より)優位 (,,타시보다)우위 - 다른 것보다 유리한 입장 i 質素な(生活) を,,15,,용법 기출어휘 2020-2010,OCR 추출 - 검수 권장,,,~115.csv
きん のたい あかみ ー,,,,15,,용법 기출어휘 2020-2010,OCR 추출 - 검수 권장,,,~115.csv
務科度も)加味する eae) ek — ce 248),,"가미히다 — ""ヨー",,15,,용법 기출어휘 2020-2010,OCR 추출 - 검수 권장,,,~115.csv
しょち し せいかっ くち だ,,,,15,,용법 기출어휘 2020-2010,OCR 추출 - 검수 권장,,,~115.csv
秒切な)処置 Geり,,조치 ᄆ (麗生活にまで)日出しする (아생활까지참견하다 ad 2010,,15,,용법 기출어휘 2020-2010,OCR 추출 - 검수 권장,,,~115.csv
だかい,,고,,15,,용법 기출어휘 2020-2010,OCR 추출 - 검수 권장,,,~115.csv
持ち上げた)拍子に (,,이올린 순간에ᅳ~한순간에. ~한칠나에 — ーー iikoy 382 (cm,,15,,용법 기출어휘 2020-2010,OCR 추출 - 검수 권장,,,~115.csv
ゃみいんたい,,,,15,,용법 기출어휘 2020-2010,OCR 추출 - 검수 권장,,,~115.csv
埋会全体に当てはめる (,,"사회 전체에) 적용시키다 ᅳ- 꼭 들어 맞추다, 적용시키다 (どこのレストラン",,15,,용법 기출어휘 2020-2010,OCR 추출 - 검수 권장,,,~115.csv
をん めんじょ,,,,15,,용법 기출어휘 2020-2010,OCR 추출 - 검수 권장,R0026,をん めんじょ = ちょ,~115.csv
ちょ,,,,15,,용법 기출어휘 2020-2010,OCR 추출 - 검수 권장,R0026,をん めんじょ = ちょ,~115.csv
人W計so0に満たない (,,인구 500명에) 미치지 못하다 — 5008 미만이다 —,,15,,용법 기출어휘 2020-2010,OCR 추출 - 검수 권장,,,~115.csv
"世界でも)有数の Cizioll) e401, agaに ] 広大な(キャンパス) grfer(gm)",,,,16,,용법 기출어휘 2020-2010,OCR 추출 - 검수 권장,,,~115.csv
ンー ここ a iso の ねっ はっ,,,,16,,용법 기출어휘 2020-2010,OCR 추출 - 검수 권장,,,~115.csv
はがす cites),,보다 NN (縛示を)秘める wae archeorzawicr GRE FEMS cata) gave,,16,,용법 기출어휘 2020-2010,OCR 추출 - 검수 권장,,,~115.csv
ぃつく (,,엄마 다리에) 매달리다 ~ c CERO ololgy 51 소행,,16,,용법 기출어휘 2020-2010,OCR 추출 - 검수 권장,,,~115.csv
は明から微秀あっで作がた,,,,16,,용법 기출어휘 2020-2010,OCR 추출 - 검수 권장,,,~115.csv
不服(を哨える),,불복 이9를제기하대,,16,,용법 기출어휘 2020-2010,OCR 추출 - 검수 권장,,,~115.csv
とっくに(帰った),,벌써 월씬전에(돌아갔다 ᄆ (時間j)まちまちだ (zip 각기 다르다. 제각각이다,,16,,용법 기출어휘 2020-2010,OCR 추출 - 검수 권장,,,~115.csv
経済前に) 1 (,,경제적으로) 여유가 ᄆ ey eid @2 sea) a,,16,,용법 기출어휘 2020-2010,OCR 추출 - 검수 권장,,,~115.csv
友達を) 見失う (,,친구를)놓치다 — 보던 것을 (시야에세) 놓치다,,16,,용법 기출어휘 2020-2010,OCR 추출 - 검수 권장,,,~115.csv
質素な(生活),,소박한(생월),,16,,용법 기출어휘 2020-2010,OCR 추출 - 검수 권장,,,~115.csv
する,,침견하다 2010 ーーーーーーーーーーーー,,16,,용법 기출어휘 2020-2010,OCR 추출 - 검수 권장,,,~115.csv
"ひとまず(これで) we, ゃ",,,,16,,용법 기출어휘 2020-2010,OCR 추출 - 검수 권장,,,~115.csv
本 | R ᄆ (どこのレストランも)にぎわう (,,"어느레스토랑이나)붐비다, 북적이다",,16,,용법 기출어휘 2020-2010,OCR 추출 - 검수 권장,,,~115.csv
休暇を)満喫 tH ert (資金を)調達 C司人,,,,16,,용법 기출어휘 2020-2010,OCR 추출 - 검수 권장,,,~115.csv
きいしん,,도보,,16,,용법 기출어휘 2020-2010,OCR 추출 - 검수 권장,,,~115.csv
細心(の注意),,세싱한주의 意地(を張る) 고집을부리대,,16,,용법 기출어휘 2020-2010,OCR 추출 - 검수 권장,,,~115.csv
のまう れんの,,툰개,,16,,용법 기출어휘 2020-2010,OCR 추출 - 검수 권장,,,~115.csv
ンンで町,,,,17,,용법 기출어휘 2009-2000,OCR 추출 - 검수 권장,,,~115.csv
あ 記さへ,,,,17,,용법 기출어휘 2009-2000,OCR 추출 - 검수 권장,,,~115.csv
リ なんと,,,,17,,용법 기출어휘 2009-2000,OCR 추출 - 검수 권장,,,~115.csv
あざやか sae ᄆ 案の定,,"예상대로,아니나다를까 . [) -ᅳ10 일괄 한데 묶음 ae ーー",,17,,용법 기출어휘 2009-2000,OCR 추출 - 검수 권장,,,~115.csv
いogを,,,,17,,용법 기출어휘 2009-2000,OCR 추출 - 검수 권장,,,~115.csv
か —— ぶかぶ,,,,17,,용법 기출어휘 2009-2000,OCR 추출 - 검수 권장,,,~115.csv
べペとペ,,,,17,,용법 기출어휘 2009-2000,OCR 추출 - 검수 권장,,,~115.csv
かんべき ave ᄆ きざ,,아니꼬음 고 그 = mw,,17,,용법 기출어휘 2009-2000,OCR 추출 - 검수 권장,,,~115.csv
禁物 am oe ga と,,,,17,,용법 기출어휘 2009-2000,OCR 추출 - 검수 권장,,,~115.csv
欠如 am ᄆ 交付,,교부(나라나 시청에서 금전이나 서류를 건님),,17,,용법 기출어휘 2009-2000,OCR 추출 - 검수 권장,,,~115.csv
ミラし こう4う ad ま ~,,,,17,,용법 기출어휘 2009-2000,OCR 추출 - 검수 권장,,,~115.csv
指図,,지시 지휘 ᄆ しなやか 탄력이 있고 부드러운 모양 sete —,,17,,용법 기출어휘 2009-2000,OCR 추출 - 검수 권장,,,~115.csv
終日,,집착 ᄆ 뽀습 조 uf,,17,,용법 기출어휘 2009-2000,OCR 추출 - 검수 권장,,,~115.csv
いうしん しんぜん,,,,17,,용법 기출어휘 2009-2000,OCR 추출 - 검수 권장,,,~115.csv
ショック,,,,17,,용법 기출어휘 2009-2000,OCR 추출 - 검수 권장,,,~115.csv
市誠,,중독,,18,,용법 기출어휘 2009-2000,OCR 추출 - 검수 권장,,,~115.csv
どうやら,,,,18,,용법 기출어휘 2009-2000,OCR 추출 - 검수 권장,,,~115.csv
なかどる,,,,18,,용법 기출어휘 2009-2000,OCR 추출 - 검수 권장,,,~115.csv
腹が立つ,,,,18,,용법 기출어휘 2009-2000,OCR 추출 - 검수 권장,,,~115.csv
品種 きき,,,,18,,용법 기출어휘 2009-2000,OCR 추출 - 검수 권장,,,~115.csv
ぶかぶか,,,,18,,용법 기출어휘 2009-2000,OCR 추출 - 검수 권장,,,~115.csv
不満,,불안,,18,,용법 기출어휘 2009-2000,OCR 추출 - 검수 권장,,,~115.csv
ボイコット go選,,,,18,,용법 기출어휘 2009-2000,OCR 추출 - 검수 권장,,,~115.csv
ゲつだフ,,,,18,,용법 기출어휘 2009-2000,OCR 추출 - 검수 권장,,,~115.csv
よばど aM gg 両立,,양립 병행,,18,,용법 기출어휘 2009-2000,OCR 추출 - 검수 권장,,,~115.csv
あき あ たい,,,,19,,한자 1자로 된 명사,OCR 추출 - 검수 권장,,,~115.csv
過ち,,질못실수 개 IF ‘,,19,,한자 1자로 된 명사,OCR 추출 - 검수 권장,,,~115.csv
るお は 1 | ーーデー,,,,19,,한자 1자로 된 명사,OCR 추출 - 검수 권장,,,~115.csv
潤い,,"습기, 보탬, 혜택 ᄆ ig 꼬리 ᄆ 2 공 공공, 공정함 i ay 5",,19,,한자 1자로 된 명사,OCR 추출 - 검수 권장,,,~115.csv
きずな くき くら Feu ー,,,,19,,한자 1자로 된 명사,OCR 추출 - 검수 권장,,,~115.csv
きま しお,,,,19,,한자 1자로 된 명사,OCR 추출 - 검수 권장,,,~115.csv
口軸,,축.굴때 of sm | ‘al,,19,,한자 1자로 된 명사,OCR 추출 - 검수 권장,,,~115.csv
たて たましい,,,,20,,한자 1자로 된 명사,OCR 추출 - 검수 권장,,,~115.csv
ニー一一時 は,,,,20,,한자 1자로 된 명사,OCR 추출 - 검수 권장,,,~115.csv
肺 本,,"부끄러움, 수치, 치욕, 창피",,20,,한자 1자로 된 명사,OCR 추출 - 검수 권장,,,~115.csv
はま ひょう ふし,,,,20,,한자 1자로 된 명사,OCR 추출 - 검수 권장,,,~115.csv
まく ee みき,,,,20,,한자 1자로 된 명사,OCR 추출 - 검수 권장,,,~115.csv
ゃみ ゆみ ちく,,,,20,,한자 1자로 된 명사,OCR 추출 - 검수 권장,,,~115.csv
あいせき,,자 : - LN,,21,,한자 2자로 된 명사,OCR 추출 - 검수 권장,,,~115.csv
悪事 ma,,,,21,,한자 2자로 된 명사,OCR 추출 - 검수 권장,R0027,悪事 ma = 記,~115.csv
記,,,,21,,한자 2자로 된 명사,OCR 추출 - 검수 권장,R0027,悪事 ma = 記,~115.csv
幹旋,,알선 주선 ᄆ 油絵 유화 ᄆ 雨具 비올때쓰는도구 mm,,21,,한자 2자로 된 명사,OCR 추출 - 검수 권장,,,~115.csv
暗算,,임산 노군 2 따리,,21,,한자 2자로 된 명사,OCR 추출 - 검수 권장,,,~115.csv
いえ oe ンプ,,,,21,,한자 2자로 된 명사,OCR 추출 - 검수 권장,,,~115.csv
家柄,,"집안 기문 ᄆ 家路 (oe 귀갓길, 귀가",,21,,한자 2자로 된 명사,OCR 추출 - 검수 권장,,,~115.csv
異議,,이의 1 『,,21,,한자 2자로 된 명사,OCR 추출 - 검수 권장,,,~115.csv
圧縮,,위축 2,,21,,한자 2자로 된 명사,OCR 추출 - 검수 권장,,,~115.csv
上 て い ぞん,,,,21,,한자 2자로 된 명사,OCR 추출 - 검수 권장,,,~115.csv
衣装,,의상,,21,,한자 2자로 된 명사,OCR 추출 - 검수 권장,,,~115.csv
依存,,의존,,21,,한자 2자로 된 명사,OCR 추출 - 검수 권장,,,~115.csv
委託,,위탁,,21,,한자 2자로 된 명사,OCR 추출 - 검수 권장,,,~115.csv
一時,,한때 잠시 ᄆ 一途 외교 한결같음,,21,,한자 2자로 된 명사,OCR 추출 - 검수 권장,,,~115.csv
躍 gy レー ~,,,,21,,한자 2자로 된 명사,OCR 추출 - 검수 권장,,,~115.csv
いちよう,,,,21,,한자 2자로 된 명사,OCR 추출 - 검수 권장,,,~115.csv
一挙,,일거 한번의행동,,21,,한자 2자로 된 명사,OCR 추출 - 검수 권장,,,~115.csv
一色,,일색.~뿐임 ーー,,21,,한자 2자로 된 명사,OCR 추출 - 검수 권장,,,~115.csv
いっそう いったい いっぴん,,,,21,,한자 2자로 된 명사,OCR 추출 - 검수 권장,,,~115.csv
一掃,,"일소, 한꺼번에 없앰",,21,,한자 2자로 된 명사,OCR 추출 - 검수 권장,,,~115.csv
いっぺん いっ ゎ いなのか,,,,21,,한자 2자로 된 명사,OCR 추출 - 검수 권장,,,~115.csv
逸話,,일화,,21,,한자 2자로 된 명사,OCR 추출 - 검수 권장,,,~115.csv
稲光,,배=\※ レー,,21,,한자 2자로 된 명사,OCR 추출 - 검수 권장,,,~115.csv
ちかん いみん,,,,21,,한자 2자로 된 명사,OCR 추출 - 검수 권장,,,~115.csv
威力,,위력,,21,,한자 2자로 된 명사,OCR 추출 - 검수 권장,,,~115.csv
違和感,,위화감 ᄆ 印鑑 인강 ーー,,21,,한자 2자로 된 명사,OCR 추출 - 검수 권장,,,~115.csv
いんきょ いんそつ いんべい,,,,21,,한자 2자로 된 명사,OCR 추출 - 검수 권장,,,~115.csv
隠居,,은거 ᄆ 引率 인솔 ᄆ 隠蔽 sm,,21,,한자 2자로 된 명사,OCR 추출 - 검수 권장,,,~115.csv
いんぼう au うち き TM ーー,,,,21,,한자 2자로 된 명사,OCR 추출 - 검수 권장,,,~115.csv
陰謀,,음모,,21,,한자 2자로 된 명사,OCR 추출 - 검수 권장,,,~115.csv
浮気,,바람.의도 ーー —,,21,,한자 2자로 된 명사,OCR 추출 - 검수 권장,,,~115.csv
うんちん うんぱん うん ゆ,,,,21,,한자 2자로 된 명사,OCR 추출 - 검수 권장,,,~115.csv
ロ運搬,,운반,,21,,한자 2자로 된 명사,OCR 추출 - 검수 권장,,,~115.csv
運輸,,운수 | &,,21,,한자 2자로 된 명사,OCR 추출 - 검수 권장,,,~115.csv
えいびん えいゆう えいまう しーー ーー,,,,21,,한자 2자로 된 명사,OCR 추출 - 검수 권장,,,~115.csv
鋭敏 get20 ᄆ 英雄,,영웅 ᄆ Rae 영양,,21,,한자 2자로 된 명사,OCR 추출 - 검수 권장,,,~115.csv
え がお えきのおう えし,,때,,21,,한자 2자로 된 명사,OCR 추출 - 검수 권장,,,~115.csv
疫病,,역병 돌림병 ᄆ 会釈 가법게인사항 ここ 이,,21,,한자 2자로 된 명사,OCR 추출 - 검수 권장,,,~115.csv
え とく え もの えんがん,,,,21,,한자 2자로 된 명사,OCR 추출 - 검수 권장,,,~115.csv
会得,,"터득 깨달음 ᄆ 獲物 arses, 전리품",,21,,한자 2자로 된 명사,OCR 추출 - 검수 권장,,,~115.csv
沿岸,,"연안 """,,21,,한자 2자로 된 명사,OCR 추출 - 검수 권장,,,~115.csv
えんせい えんせん えんだん,,트,,21,,한자 2자로 된 명사,OCR 추출 - 검수 권장,,,~115.csv
遠征,,원정 ᄆ 沿線 연선 때스-지하철의)노선주변 [ 縁談 혼담,,21,,한자 2자로 된 명사,OCR 추출 - 검수 권장,,,~115.csv
おうこう おうごん おうしん,,,,21,,한자 2자로 된 명사,OCR 추출 - 검수 권장,,,~115.csv
"横行 9, aia, set ᄆ 42 93 ᄆ 往診 Wa",,,,21,,한자 2자로 된 명사,OCR 추출 - 검수 권장,R0028,"横行 9, aia, set ᄆ 42 93 ᄆ 往診 Wa = ーーァ",~115.csv
ーーァ,,,,21,,한자 2자로 된 명사,OCR 추출 - 검수 권장,R0028,"横行 9, aia, set ᄆ 42 93 ᄆ 往診 Wa = ーーァ",~115.csv
おおぐち おおぞん お しく,,,,21,,한자 2자로 된 명사,OCR 추출 - 검수 권장,,,~115.csv
大口 き,,다량주문 ᄆ 大損 aca ᄆ 汚職 독직 공직자의 비리 M,,21,,한자 2자로 된 명사,OCR 추출 - 검수 권장,,,~115.csv
おんびん,,,,21,,한자 2자로 된 명사,OCR 추출 - 검수 권장,,,~115.csv
穏便,,"온당하고 ele, Suzi 않음 7",,21,,한자 2자로 된 명사,OCR 추출 - 검수 권장,,,~115.csv
かいう かいこ fag ~,,,,22,,한자 2자로 된 명사,OCR 추출 - 검수 권장,,,~115.csv
かいちく,,,,22,,한자 2자로 된 명사,OCR 추출 - 검수 권장,,,~115.csv
みいち9う がい59う ルン,,,,22,,한자 2자로 된 명사,OCR 추출 - 검수 권장,,,~115.csv
がいねん,,,,22,,한자 2자로 된 명사,OCR 추출 - 검수 권장,,,~115.csv
ロ外泊,,외박,,22,,한자 2자로 된 명사,OCR 추출 - 검수 권장,,,~115.csv
でで みいばっ かい人ほう かいぼう,,,,22,,한자 2자로 된 명사,OCR 추출 - 검수 권장,,,~115.csv
解前,,하부,,22,,한자 2자로 된 명사,OCR 추출 - 검수 권장,,,~115.csv
時 DUES かいむ がいよう,,,,22,,한자 2자로 된 명사,OCR 추출 - 검수 권장,,,~115.csv
皆無,,전무 전혀없음,,22,,한자 2자로 된 명사,OCR 추출 - 검수 권장,,,~115.csv
かいらん かくさん かくしゅう,,,,22,,한자 2자로 된 명사,OCR 추출 - 검수 권장,,,~115.csv
同覧,,회랑 CHR We CO Waal 주,,22,,한자 2자로 된 명사,OCR 추출 - 검수 권장,,,~115.csv
かくせい かくてい,,,,22,,한자 2자로 된 명사,OCR 추출 - 검수 권장,,,~115.csv
みくとく,,,,22,,한자 2자로 된 명사,OCR 추출 - 검수 권장,,,~115.csv
のくめい かくり かくりつ,,,,22,,한자 2자로 된 명사,OCR 추출 - 검수 권장,,,~115.csv
かせん かだい,,,,22,,한자 2자로 된 명사,OCR 추출 - 검수 권장,,,~115.csv
みたこと みか ちく かつあい,,,,22,,한자 2자로 된 명사,OCR 추출 - 검수 권장,,,~115.csv
かっさい がっしょう がってん,,,,22,,한자 2자로 된 명사,OCR 추출 - 검수 권장,,,~115.csv
みぶ か かぶしき か へい,,,,22,,한자 2자로 된 명사,OCR 추출 - 검수 권장,,,~115.csv
がん か みかんがい かんげき,,,,22,,한자 2자로 된 명사,OCR 추출 - 검수 권장,,,~115.csv
し みんこう かんこう かんこぐ,,,,22,,한자 2자로 된 명사,OCR 추출 - 검수 권장,,,~115.csv
みん す かんきん かん し,,,,22,,한자 2자로 된 명사,OCR 추출 - 검수 권장,,,~115.csv
みんしゅう みかんし9う かんじ%く,,,,22,,한자 2자로 된 명사,OCR 추출 - 검수 권장,,,~115.csv
みんせん みんでそく かんどう,,,,22,,한자 2자로 된 명사,OCR 추출 - 검수 권장,,,~115.csv
かんが かん が,,,,23,,한자 2자로 된 명사,OCR 추출 - 검수 권장,,,~115.csv
完備,,완비,,23,,한자 2자로 된 명사,OCR 추출 - 검수 권장,,,~115.csv
かんめい かんよう,,,,23,,한자 2자로 된 명사,OCR 추출 - 검수 권장,,,~115.csv
勘弁 exer 1 感銘 aa HOR eg(aaale 18),,,,23,,한자 2자로 된 명사,OCR 추출 - 검수 권장,,,~115.csv
あんよう かんらん かん り,,,,23,,한자 2자로 된 명사,OCR 추출 - 검수 권장,,,~115.csv
かんれい かんれき き,,,,23,,한자 2자로 된 명사,OCR 추출 - 검수 권장,,,~115.csv
き がい き かく,,,,23,,한자 2자로 된 명사,OCR 추출 - 검수 권장,,,~115.csv
企画,,기획,,23,,한자 2자로 된 명사,OCR 추출 - 검수 권장,,,~115.csv
きみかん,,오해 ue ーー,,23,,한자 2자로 된 명사,OCR 추출 - 검수 권장,,,~115.csv
き げん き こう,,,,23,,한자 2자로 된 명사,OCR 추출 - 검수 권장,,,~115.csv
ロ起源,,기원 1 機構 zien 기구 yen,,23,,한자 2자로 된 명사,OCR 추출 - 검수 권장,,,~115.csv
きごう ききさい きしっ,,,,23,,한자 2자로 된 명사,OCR 추출 - 검수 권장,R0029,きごう ききさい きしっ = ~,~115.csv
~,,,,23,,한자 2자로 된 명사,OCR 추출 - 검수 권장,R0029,きごう ききさい きしっ = ~,~115.csv
気心,,본래의 성질이나 생각 ᄆ 記載 기재적어 넣음) ᄆ 気質 기질 성향 ) E,,23,,한자 2자로 된 명사,OCR 추출 - 검수 권장,,,~115.csv
口期日,,기술 ᄆ RPE 천성 기질 「 Tim,,23,,한자 2자로 된 명사,OCR 추출 - 검수 권장,,,~115.csv
ぎ いう きずあと ぎせい,,,,23,,한자 2자로 된 명사,OCR 추출 - 검수 권장,,,~115.csv
偽証,,위증 ᄆ 10 싱처자국.흥,,23,,한자 2자로 된 명사,OCR 추출 - 검수 권장,,,~115.csv
犠牲,,희생 ! 1,,23,,한자 2자로 된 명사,OCR 추출 - 검수 권장,,,~115.csv
をせき き ぞう きでそく,,,,23,,한자 2자로 된 명사,OCR 추출 - 검수 권장,,,~115.csv
寄贈 2き,,,,23,,한자 2자로 된 명사,OCR 추출 - 검수 권장,,,~115.csv
上だい きつえん きつもん,,,,23,,한자 2자로 된 명사,OCR 추출 - 검수 권장,,,~115.csv
議題,,의제 co BERE eet ᄆ gal] 힘문나무라고 oe ーーーでーー,,23,,한자 2자로 된 명사,OCR 추출 - 검수 권장,,,~115.csv
き てい aes ぎのう,,,,23,,한자 2자로 된 명사,OCR 추출 - 검수 권장,,,~115.csv
ロ規定,,규정,,23,,한자 2자로 된 명사,OCR 추출 - 검수 권장,,,~115.csv
危篤,,위독.종태 ᄆ 技能 기능(기솔적인재능) i ᄆ,,23,,한자 2자로 된 명사,OCR 추출 - 검수 권장,,,~115.csv
き はく き ふう き やく ーー,,,,23,,한자 2자로 된 명사,OCR 추출 - 검수 권장,,,~115.csv
気風,,기풍.성향 ᄆ 規約 se ーー,,23,,한자 2자로 된 명사,OCR 추출 - 검수 권장,,,~115.csv
ん きゃっきょう きゅうきょく ー,,,,23,,한자 2자로 된 명사,OCR 추출 - 검수 권장,,,~115.csv
逆流,,역류,,23,,한자 2자로 된 명사,OCR 추출 - 검수 권장,,,~115.csv
ロ逆境,,역경,,23,,한자 2자로 된 명사,OCR 추출 - 검수 권장,,,~115.csv
給食,,급식 ーー ーー,,23,,한자 2자로 된 명사,OCR 추출 - 검수 권장,,,~115.csv
きせん 2でん きうへん,,,,23,,한자 2자로 된 명사,OCR 추출 - 검수 권장,,,~115.csv
休戦,,궁전,,23,,한자 2자로 된 명사,OCR 추출 - 검수 권장,,,~115.csv
究明,,구명.규명,,23,,한자 2자로 된 명사,OCR 추출 - 검수 권장,,,~115.csv
きょう い きょう い きょうかん,,,,23,,한자 2자로 된 명사,OCR 추출 - 검수 권장,,,~115.csv
驚異,,위험 ᄆ 共感 공감 em,,23,,한자 2자로 된 명사,OCR 추출 - 검수 권장,,,~115.csv
きょうぎ きょうき9う きうくう,,,,23,,한자 2자로 된 명사,OCR 추출 - 검수 권장,,,~115.csv
協議,,협의,,23,,한자 2자로 된 명사,OCR 추출 - 검수 권장,,,~115.csv
まうしめう きょうしゅう | Me前,,,,23,,한자 2자로 된 명사,OCR 추출 - 검수 권장,,,~115.csv
業種 gg ᄆ 教習,,,,23,,한자 2자로 된 명사,OCR 추출 - 검수 권장,,,~115.csv
きょうし9く きょうじゅう きょうしkく,,,,23,,한자 2자로 된 명사,OCR 추출 - 검수 권장,,,~115.csv
恐縮,,지송스럽게여김,,23,,한자 2자로 된 명사,OCR 추출 - 검수 권장,,,~115.csv
教職,,교직 hg,,23,,한자 2자로 된 명사,OCR 추출 - 검수 권장,,,~115.csv
形相,,형상 생김새 ) 共存 gs 境地 2x1,,24,,한자 2자로 된 명사,OCR 추출 - 검수 권장,,,~115.csv
も2てい うど 2はく,,,,24,,한자 2자로 된 명사,OCR 추출 - 검수 권장,,,~115.csv
とーーー ~ 共鳴,,공진 のag a ile な 공여 제공 깨비 이 20,,24,,한자 2자로 된 명사,OCR 추출 - 검수 권장,,,~115.csv
コ 極限 aw ᄆ 局面,,형세 拒絶 거절,,24,,한자 2자로 된 명사,OCR 추출 - 검수 권장,,,~115.csv
でを るよう,,,,24,,한자 2자로 된 명사,OCR 추출 - 검수 권장,,,~115.csv
漁村,,이 許容 ag,,24,,한자 2자로 된 명사,OCR 추출 - 검수 권장,,,~115.csv
上 ray «3 を,,,,24,,한자 2자로 된 명사,OCR 추출 - 검수 권장,,,~115.csv
義理,,의리 도리 @ 법적인관계 岐路 기로. 갈림길 疑惑 의혹,,24,,한자 2자로 된 명사,OCR 추출 - 검수 권장,,,~115.csv
きんベん ん) の,,,,24,,한자 2자로 된 명사,OCR 추출 - 검수 권장,,,~115.csv
て<っせっ てらゃみ,,,,24,,한자 2자로 된 명사,OCR 추출 - 검수 권장,,,~115.csv
軍艦,,군항,,24,,한자 2자로 된 명사,OCR 추출 - 검수 권장,,,~115.csv
けいさつ けい,,,,24,,한자 2자로 된 명사,OCR 추출 - 검수 권장,,,~115.csv
けいせき いだい けいはっ,,,,24,,한자 2자로 된 명사,OCR 추출 - 검수 권장,,,~115.csv
境内 (,,신사-절의경내 FE met,,24,,한자 2자로 된 명사,OCR 추출 - 검수 권장,,,~115.csv
けいばっ けいりeく げきげん,,,,24,,한자 2자로 된 명사,OCR 추출 - 검수 권장,,,~115.csv
刑前,,형벌,,24,,한자 2자로 된 명사,OCR 추출 - 검수 권장,,,~115.csv
げきつい yee けつい,,,,24,,한자 2자로 된 명사,OCR 추출 - 검수 권장,,,~115.csv
農 けっかん けっつぎ けっきん,,,,24,,한자 2자로 된 명사,OCR 추출 - 검수 권장,,,~115.csv
血管,,혈관 ᄆ 決議 결의 의결,,24,,한자 2자로 된 명사,OCR 추출 - 검수 권장,,,~115.csv
サっこう 9つらう けっきく,,,,24,,한자 2자로 된 명사,OCR 추출 - 검수 권장,,,~115.csv
月謝,,원회비,,24,,한자 2자로 된 명사,OCR 추출 - 검수 권장,,,~115.csv
欠如 aw ᄆ 結晶,,,,24,,한자 2자로 된 명사,OCR 추출 - 검수 권장,,,~115.csv
っぱく のっ ゆっほう,,,,24,,한자 2자로 된 명사,OCR 추출 - 검수 권장,,,~115.csv
け みう けんあく けんきょう,,,,24,,한자 2자로 된 명사,OCR 추출 - 검수 권장,,,~115.csv
ばんきん けんげん けんざい,,,,24,,한자 2자로 된 명사,OCR 추출 - 검수 권장,,,~115.csv
検索,,응수 CGE (7) 8,,24,,한자 2자로 된 명사,OCR 추출 - 검수 권장,,,~115.csv
健勝 gs ᄆ 懸賞,,,,24,,한자 2자로 된 명사,OCR 추출 - 검수 권장,,,~115.csv
んん th,,,,24,,한자 2자로 된 명사,OCR 추출 - 검수 권장,R0030,んん th = げんそう,~115.csv
げんそう,,,,24,,한자 2자로 된 명사,OCR 추출 - 검수 권장,R0030,んん th = げんそう,~115.csv
レー一シン,,,,24,,한자 2자로 된 명사,OCR 추출 - 검수 권장,,,~115.csv
倫約,けんやくぐ,검약 절약,,116,,,,,,~139.csv
権力,けんりょく,권력,,116,,,,,,~139.csv
航海,こうかい,항해,,116,,,,,,~139.csv
好況,こう,호황 호 경 기,,116,,,,,,~139.csv
工作,こうさく,공 작 민 들?) @ 8H,,116,,,,,,~139.csv
控除,こうじょ,공제,,116,,,,,,~139.csv
光沢,こうたで,광택,,116,,,,,,~139.csv
頭,こうとう,구 두 ( 입 으 로 말함),,116,,,,,,~139.csv
荒廃,こうはい,황폐,,116,,,,,,~139.csv
交付,,교부,,116,,,,,,~139.csv
公募,,공모,,116,,,,,,~139.csv
護衛,ごぇい,호위,,116,,,,,,~139.csv
極意,ごくい,"비법, ( 예 도 ㆍ 무 술 의) 가장 심오",,116,,,,,,~139.csv
酷評,こくりょう,혹평,,116,,,,,,~139.csv
誤差,,오차,,116,,,,,,~139.csv
骨子,し,골 자 . 요 점,,116,,,,,,~139.csv
粉々,こなごな,산산이 부 서 짐 산산조각,,116,,,,,,~139.csv
根幹,こんかん,근간,,116,,,,,,~139.csv
混雑,こんざっ,혼잡,,116,,,,,,~139.csv
混同,こんどう,호동,,116,,,,,,~139.csv
原油,げんゆ,원유,,116,,,,,,~139.csv
言論,げんろん,언론,,116,,,,,,~139.csv
後悔,,후회,,116,,,,,,~139.csv
鉱業,こうぎょう,광업,,116,,,,,,~139.csv
強情,ごうじょ,고 집 이 셈 완 강 함,,116,,,,,,~139.csv
拘束,こうそく,구속 C,,116,,,,,,~139.csv
朋着,こうゃ,교 척 상 황 변 화가 없음) C,,116,,,,,,~139.csv
叙慢,こうばい,오만함 거 만 함 (5,,116,,,,,,~139.csv
顧客,こきゃく,고객 GD,,116,,,,,,~139.csv
極楽,ら,극락,,116,,,,,,~139.csv
固執,,고집 고수,,116,,,,,,~139.csv
事柄,ことがら,사 항 . 일 . 사 물 의 형 편 . 사 정,,116,,,,,,~139.csv
小幅,こはば,소폭,,116,,,,,,~139.csv
恒久,こう,창 구 영 구,,116,,,,,,~139.csv
述,こう,구술,,116,,,,,,~139.csv
更新,こうしん,갱신,,116,,,,,,~139.csv
構想,,구상,,116,,,,,,~139.csv
後退,,후퇴,,116,,,,,,~139.csv
好評,こうょう,호평,,116,,,,,,~139.csv
候補,こう,후보,,116,,,,,,~139.csv
行楽,こうく,"행락, 나들이",,116,,,,,,~139.csv
コ告訴,,고소,,116,,,,,,~139.csv
コ告知,,"고지, 알림. 통지",,116,,,,,,~139.csv
コ心地,ここち,"기분, 마음",,116,,,,,,~139.csv
固辞,,고 사 (굳이 사 양 함 ),,116,,,,,,~139.csv
コ戸籍,こせき,호적,,116,,,,,,~139.csv
孤独,,고독,,116,,,,,,~139.csv
古墳,こふん,고분,,116,,,,,,~139.csv
根源,こんげん,근원,,116,,,,,,~139.csv
困惑,こんわく,곤혹,,116,,,,,,~139.csv
細工,さいく,공,,117,,,,,,~139.csv
歳月,さいげっ,세월,,117,,,,,,~139.csv
採算,さいさん,채 산 수익성,,117,,,,,,~139.csv
在科,ざいせき,재적. 재학,,117,,,,,,~139.csv
催眠,さいみん,최면,,117,,,,,,~139.csv
作戦,さくせん,직전,,117,,,,,,~139.csv
刷新,さっしん,쇄신,,117,,,,,,~139.csv
作用,さよう,작용,,117,,,,,,~139.csv
参観,さんかん,참관,,117,,,,,,~139.csv
産出,さんしゅう,산출,,117,,,,,,~139.csv
産物,さんぶつ,"산물, 생산물",,117,,,,,,~139.csv
歯科,しか,치과,,117,,,,,,~139.csv
磁気,じき,자 기 ( 자 석 이 갖는 작 용 ㆍ 성질,,117,,,,,,~139.csv
施行,しこう,시 행 . 실 시,,117,,,,,,~139.csv
思索,しさく,사색,,117,,,,,,~139.csv
視線,しせん,시선,,117,,,,,,~139.csv
下地,したじ,"준비, 기초, 소질",,117,,,,,,~139.csv
失格,しっかく,실격,,117,,,,,,~139.csv
採掘,さいくつ,채굴,,117,,,,,,~139.csv
再現,さいげん,재현,,117,,,,,,~139.csv
採集,さきいしゃ,채집,,117,,,,,,~139.csv
栽培,さいばい,재배,,117,,,,,,~139.csv
最良,さいりょう,최선 가 장 좋음,,117,,,,,,~139.csv
詐欺,,자,,117,,,,,,~139.csv
策略,,책략,,117,,,,,,~139.csv
殺到,さっとう,"쇄도, 한꺼번에 밀 려 들",,117,,,,,,~139.csv
酸化,さんか,산화,,117,,,,,,~139.csv
残金,ざんきん,조금,,117,,,,,,~139.csv
残高,ざんだか,"잔고, 잔액",,117,,,,,,~139.csv
帆脈,,산맥,,117,,,,,,~139.csv
自我,じが,자아,,117,,,,,,~139.csv
試行,しこう,시 행 시 험 삼아 행함),,117,,,,,,~139.csv
至極,,"지 극 , 더 없음 극히",,117,,,,,,~139.csv
資産,しさん,자산,,117,,,,,,~139.csv
師匠,ししょう,선 생 스 승,,117,,,,,,~139.csv
持続,,지속,,117,,,,,,~139.csv
採決,きいけっ,채결,,117,,,,,,~139.csv
財源,ざいげん,재원,,117,,,,,,~139.csv
財政,ざいせい,재정,,117,,,,,,~139.csv
細胞,さいぼう,서포,,117,,,,,,~139.csv
裁量,さいりょう,재 랑 ( 자 율 적 인 판단),,117,,,,,,~139.csv
錯誤,,차오,,117,,,,,,~139.csv
挫折,ざせっ,좌절,,117,,,,,,~139.csv
冊子,さっし,책자,,117,,,,,,~139.csv
山岳,さんがく,산악,,117,,,,,,~139.csv
惨事,さんじ,참사,,117,,,,,,~139.csv
惨敗,ざんばぱい,참패,,117,,,,,,~139.csv
飼育,しいく,사욕,,117,,,,,,~139.csv
磁器,,자 기 (도자기,,117,,,,,,~139.csv
資源,しげん,자원,,117,,,,,,~139.csv
志向,,지 량,,117,,,,,,~139.csv
辞職,じ,사직,,117,,,,,,~139.csv
下心,したごころ,본심. 속셈. 숨겨진 의도,,117,,,,,,~139.csv
実家,じっか,본가 친정,,117,,,,,,~139.csv
質疑,しっぎ,질의 질문,,117,,,,,,~139.csv
老舗,しにせ,노포 오래된 점포,,118,,,,,,~139.csv
志望,しぼう,지망,,118,,,,,,~139.csv
使命,しめい,사명,,118,,,,,,~139.csv
謝辞,しゃしじ,감 사 의 말,,118,,,,,,~139.csv
邪魔,じゃま,방해,,118,,,,,,~139.csv
修学,しゅうがく,수 학 학 문 을 익 힘 ),,118,,,,,,~139.csv
収支,しゅうげき,수지,,118,,,,,,~139.csv
従属,しゅうしょく,종속,,118,,,,,,~139.csv
修了,しぁゅうりょう,수르,,118,,,,,,~139.csv
受給,じゅきゅう,수 급 ( 급 여 나 배 급 을 받음),,118,,,,,,~139.csv
激女,しきくしじょ,숙녀,,118,,,,,,~139.csv
手芸,しゅげい,수예 수공예,,118,,,,,,~139.csv
授与,しじゅよ,수여,,118,,,,,,~139.csv
小康,しははうこう,"소강, 조금 안 정 됨",,118,,,,,,~139.csv
成就,,성취,,118,,,,,,~139.csv
焦燥,しょうそう,초조,,118,,,,,,~139.csv
実態,じったい,실태 :,,118,,,,,,~139.csv
自負,じふ,"자부 ,",,118,,,,,,~139.csv
脂肪,しぼう,제방 ;,,118,,,,,,~139.csv
謝絶,しもん,사절 i,,118,,,,,,~139.csv
砂利,じゃり,자갈 j,,118,,,,,,~139.csv
周期,き,주기 i,,118,,,,,,~139.csv
秀作,しゅうさく,"수작, 걸작",,118,,,,,,~139.csv
収縮,,수축,,118,,,,,,~139.csv
終生,しゅうせい,"일 생 동 안 , 평 생",,118,,,,,,~139.csv
拾得,,습득,,118,,,,,,~139.csv
収録,しゅうぅろく,수록,,118,,,,,,~139.csv
需給,じゅきゅう,수 급 수 요 와 공립,,118,,,,,,~139.csv
熟益,,"숙 려 , 숙 고",,118,,,,,,~139.csv
主権,,주권,,118,,,,,,~139.csv
主軸,しゅじく,주축,,118,,,,,,~139.csv
出帆,しゅっぱん,출범,,118,,,,,,~139.csv
愛理,じゅり,수 리 ( 문 서 를 받아서 처리),,118,,,,,,~139.csv
賞賛,しはうさん,칭찬,,118,,,,,,~139.csv
消息,いうそく,소식,,118,,,,,,~139.csv
指摘,してき,지적,,118,,,,,,~139.csv
司法,しほう,사법,,118,,,,,,~139.csv
始末,しまっ,결 과 . 골 . 모 양,,118,,,,,,~139.csv
謝罪,しゃざい,사죄,,118,,,,,,~139.csv
若干,じゃっかん,"약 간 , 어 느 정도",,118,,,,,,~139.csv
収穫,しぁうかく,수확,,118,,,,,,~139.csv
就業,しゅうきょう,취업,,118,,,,,,~139.csv
修士,しぁうし,석사,,118,,,,,,~139.csv
重傷,じゅうしょう,중상,,118,,,,,,~139.csv
終息,しぁうそく,종식,,118,,,,,,~139.csv
就任,しにん,취임,,118,,,,,,~139.csv
守衛,しゅえい,수위,,118,,,,,,~139.csv
祝賀,しゅが,축하,,118,,,,,,~139.csv
熟練,しゅくれん,숙련,,118,,,,,,~139.csv
主催,しゅさい,주최,,118,,,,,,~139.csv
主唱,しゅしょう,주창 주장,,118,,,,,,~139.csv
等備,び,수비,,118,,,,,,~139.csv
樹立,しゅりつ,수립,,118,,,,,,~139.csv
証言,いうげん,증언,,118,,,,,,~139.csv
上質,じょうしっ,상 질 . 질 이 좋음,,118,,,,,,~139.csv
精進,しょうじん,정 진 . 전 념,,118,,,,,,~139.csv
正体,しょうたい,정체,,118,,,,,,~139.csv
所持,ちょしょっかく,소지,,119,,,,,,~139.csv
指令,しれいしろうと,지령,,119,,,,,,~139.csv
有師走,しわすしんがい,선 달 음력 12 월,,119,,,,,,~139.csv
心境,しんきょう,심경,,119,,,,,,~139.csv
攻,にしんさい,침공 0 8%,,119,,,,,,~139.csv
縮,,신 축 (늘이고 줄임),,119,,,,,,~139.csv
相,そうじんち,진상,,119,,,,,,~139.csv
星きる,しんてん,드림,,119,,,,,,~139.csv
懇,しわざ,아마추어,,119,,,,,,~139.csv
神聖,しんせい,시성,,119,,,,,,~139.csv
新築,しんちく,신 축 (새로,,119,,,,,,~139.csv
診療,しんょ,지로,,119,,,,,,~139.csv
随所,ずいしょ,도처. 여기:,,119,,,,,,~139.csv
政局,せいきょく,정국,,119,,,,,,~139.csv
精算,せいさん,정산,,119,,,,,,~139.csv
整頓,せいとん,정돈,,119,,,,,,~139.csv
税務,ぜいむ,세무,,119,,,,,,~139.csv
世論,せるん,여 론 쇼 34 으 로도 읽음),,120,,,,,,~139.csv
宣言,せんげん,선언,,120,,,,,,~139.csv
全盛,ぜんせい,전성),,120,,,,,,~139.csv
先導,,선도,,120,,,,,,~139.csv
船舶,せんばぱく,선박,,120,,,,,,~139.csv
占領,せんりょう,점,,120,,,,,,~139.csv
総会,そうかい,총회,,120,,,,,,~139.csv
遭遇,そうぐう,조 우 (우연히 만남),,120,,,,,,~139.csv
操縦,そうじゅう,조종,,120,,,,,,~139.csv
装着,そうちゃく,장착,,120,,,,,,~139.csv
遭難,そうなん,조난,,120,,,,,,~139.csv
阻害,そがい,저해,,120,,,,,,~139.csv
測定,そくてい,측정,,120,,,,,,~139.csv
素質,をしっ,소질,,120,,,,,,~139.csv
尊厳,そんげん,존엄,,120,,,,,,~139.csv
退却,た,퇴 각 . 후 퇴,,120,,,,,,~139.csv
絶望,ぜつぼう,절망,,120,,,,,,~139.csv
繊維,せんい,섬유,,120,,,,,,~139.csv
戦災,せんさい,전 재 ( 전 쟁 으로 인한 재해),,120,,,,,,~139.csv
洪水,せんすい,잠수,,120,,,,,,~139.csv
前提,ぜんてい,전제,,120,,,,,,~139.csv
潜入,,잠입,,120,,,,,,~139.csv
雑木,ぜんりょう,집 록,,120,,,,,,~139.csv
捜索,そうさく,수색,,120,,,,,,~139.csv
増進,ぞうしん,증진,,120,,,,,,~139.csv
贈呈,そうぅてい,증정,,120,,,,,,~139.csv
そう,,가,,120,,,,,,~139.csv
装備,,정비,,120,,,,,,~139.csv
促進,そくしん,촉진,,120,,,,,,~139.csv
狙撃,そげき,저격,,120,,,,,,~139.csv
耐久,,"내구, 오 래 견 담",,120,,,,,,~139.csv
態勢,たいせい,태세,,120,,,,,,~139.csv
旋回,せんかい,선회,,120,,,,,,~139.csv
組織,そしき,조직,,120,,,,,,~139.csv
即刻,そっこく,죽 각 . 곧,,120,,,,,,~139.csv
人退治,たいじ,퇴치,,120,,,,,,~139.csv
大勢,たいせい,대세,,120,,,,,,~139.csv
橋円,だえん,타원,,121,,,,,,~139.csv
愛結,だけっ,타결,,121,,,,,,~139.csv
達人,たつじん,달인,,121,,,,,,~139.csv
嘆願,たんがん,탄원,,121,,,,,,~139.csv
炭素,たんそ,탄소,,121,,,,,,~139.csv
弾力,,탄력,,121,,,,,,~139.csv
者産,ちくさん,축산,,121,,,,,,~139.csv
提供,ていきょう,저공,,121,,,,,,~139.csv
吾,ていし,겉 모 양 2 체면,,121,,,,,,~139.csv
停止,,정 지 (하던 일,,121,,,,,,~139.csv
停滞,ていたい,자 금 : 경 기?,,121,,,,,,~139.csv
適宜,てきぎ,적 딩 함,,121,,,,,,~139.csv
鉄鋼,てぐち,철강,,121,,,,,,~139.csv
探検,たんけん,탐험,,121,,,,,,~139.csv
手錠,てじょう,수갑,,121,,,,,,~139.csv
撤収,てっ,철수,,121,,,,,,~139.csv
伝言,でんごん,전언,,121,,,,,,~139.csv
洞察,どうさっ,통찰,,122,,,,,,~139.csv
揺,どうよう,동요,,122,,,,,,~139.csv
得策,とくさく,상책,,122,,,,,,~139.csv
土木,とっけん,토목,,122,,,,,,~139.csv
内蔵,ないぞう,내 징 ( 내 부 에 가지.,,122,,,,,,~139.csv
納得,なっとく,납득,,122,,,,,,~139.csv
熱量,ねつりょう,열량,,122,,,,,,~139.csv
年配,ねんばい,"연배, 나이 또래 @ 중년",,122,,,,,,~139.csv
農耕,のうこう,농경,,122,,,,,,~139.csv
媒介,ばいかい,매개,,122,,,,,,~139.csv
濃縮,ねんぶつ,농축,,122,,,,,,~139.csv
排気,はいき,배기,,122,,,,,,~139.csv
動向,,동향,,122,,,,,,~139.csv
到達,とうたっ,도달,,122,,,,,,~139.csv
同等,,동등,,122,,,,,,~139.csv
答弁,とうべん,답변,,122,,,,,,~139.csv
度胸,,"담력, 배짱",,122,,,,,,~139.csv
独創,,독창,,122,,,,,,~139.csv
特許,とっきょ,특허,,122,,,,,,~139.csv
雪崩,なだれ,눈사태,,122,,,,,,~139.csv
熱湯,ねっとう,열 탕 . 뜨 거 운 물,,122,,,,,,~139.csv
年賀,ねんが,신년 축하,,122,,,,,,~139.csv
燃焼,ねんしょう,연소,,122,,,,,,~139.csv
燃料,ねんりょう,연료,,122,,,,,,~139.csv
倍率,ばいりっ,배율,,123,,,,,,~139.csv
迫害,はくがい,박해,,123,,,,,,~139.csv
爆弾,ばくだん,폭탄,,123,,,,,,~139.csv
破綻,はたん,파탄,,123,,,,,,~139.csv
発注,はっちゅう,발주,,123,,,,,,~139.csv
繁栄,はんえい,번영,,123,,,,,,~139.csv
万人,ばんに,만인,,123,,,,,,~139.csv
悲観,ひかん,비관,,123,,,,,,~139.csv
備藩,びちく,비축,,123,,,,,,~139.csv
匹敵,ひってき,필적,,123,,,,,,~139.csv
因回計所弄,ひとなみ,단심,,123,,,,,,~139.csv
飛躍,ひやゃく,비약,,123,,,,,,~139.csv
肥料,ひょ,비로,,123,,,,,,~139.csv
服装,ふくそう,복장,,123,,,,,,~139.csv
ト,ふきつ,짐 을 ( 임 무 를) 짐,,123,,,,,,~139.csv
平常,へいじょう,"평상, 평소 보통",,124,,,,,,~139.csv
偏見,へんけん,편견,,124,,,,,,~139.csv
舗装,そう,포 장 공 세,,124,,,,,,~139.csv
紛失,ふんしつっ,분실,,124,,,,,,~139.csv
分離,ぶんり,분리,,124,,,,,,~139.csv
法廷,ほうてい,법정,,124,,,,,,~139.csv
物議,ぶっぎ,"물의, 논란",,124,,,,,,~139.csv
不慮,,의외,,124,,,,,,~139.csv
噴火,ふんか,분화,,124,,,,,,~139.csv
粉砕,ふんさい,분쇄,,124,,,,,,~139.csv
没収,ぼっしぁう,몰수,,124,,,,,,~139.csv
麻酔,ますい,마취,,125,,,,,,~139.csv
免責,めんせき,면책,,125,,,,,,~139.csv
養護,ようご,양 호 ( 보 살 피고 보 호 함 ),,125,,,,,,~139.csv
無線,むえん,"무 연 고, 관 계 가 없음",,125,,,,,,~139.csv
優勢,ゆうせい,우세,,125,,,,,,~139.csv
雄弁,ゆうべん,응 변,,125,,,,,,~139.csv
様式,ようしき,양식,,125,,,,,,~139.csv
予兆,よ,"예조 전조, 징조",,126,,,,,,~139.csv
赴出,ろしっ,노출,,126,,,,,,~139.csv
り,あ,"끝 남 ,( 근 무 ㆍ 일) 마침",,126,,,,,,~139.csv
ありさま,,상 태 형 편,,126,,,,,,~139.csv
うたたね,,짐 . 입 은 잠,,126,,,,,,~139.csv
裏返し,うらがえ,뒤 잡음,,126,,,,,,~139.csv
抑揚,よくよう,억양,,126,,,,,,~139.csv
酷農,らくのう,낙농,,126,,,,,,~139.csv
理屈,りくっ,도리,,126,,,,,,~139.csv
利息,そく,이자,,126,,,,,,~139.csv
領土,りょうど,영토,,126,,,,,,~139.csv
臨終,,임종,,126,,,,,,~139.csv
惑星,わくせい,혹성,,126,,,,,,~139.csv
跡継ぎ言,ぁとつ,"이음, 후계자",,126,,,,,,~139.csv
抑留,よくり,억류,,126,,,,,,~139.csv
興論,よるん,여 르,,126,,,,,,~139.csv
利子,,이자,,126,,,,,,~139.csv
利便,りん,"편 리 , 편 의",,126,,,,,,~139.csv
旅券,りょけん,여권,,126,,,,,,~139.csv
連行,れんこう,연행,,126,,,,,,~139.csv
連盟,れんめい,연맹,,126,,,,,,~139.csv
労力,ろうりょく,노 력 . 수 고,,126,,,,,,~139.csv
腕力,わんりょく,완력. ( 딸 의 힘,,126,,,,,,~139.csv
あられ,,싸 락 눈,,126,,,,,,~139.csv
うぬぼれ,,자만. 우 풀 해 함,,126,,,,,,~139.csv
おまけ,,값 을 2a. 덤 . 경품,,126,,,,,,~139.csv
花粉症,かふんしょう,꽂 가 루 알레르기,,127,,,,,,~139.csv
気兼ね,,"어 럽게 여김, 스스럼",,127,,,,,,~139.csv
くじ,,제 비 추 첨,,127,,,,,,~139.csv
差し引き,さひ,공제 정 산 결과,,127,,,,,,~139.csv
しずく,しか,불 봉 울,,127,,,,,,~139.csv
そっぽ,しょうねんば,"다 른 쪽 , 딴 쪽",,127,,,,,,~139.csv
たきび,だ,모닥불,,127,,,,,,~139.csv
和宙返り,ちゅうがえ,"공 중 제비, 공 중 회전",,127,,,,,,~139.csv
手がかり,で,"단서, 실마리",,127,,,,,,~139.csv
出直し,でなお,다 시 함,,127,,,,,,~139.csv
戸惑い,ままと,당 횡 함 引 避 時 당 혹 함,,127,,,,,,~139.csv
取り返し,とかえ,되 찾 음 만 회 . 복 원,,127,,,,,,~139.csv
度忘れ,,감 박 잊 어 버림,,127,,,,,,~139.csv
気まぐれ,き,변덕 C,,127,,,,,,~139.csv
さなか,,한 창 ~ 인 때,,127,,,,,,~139.csv
しぐさ,,몸짓 E,,127,,,,,,~139.csv
下調べ,したしら,"예비 조 사 , 예 습 C",,127,,,,,,~139.csv
下取り,したど,신 품 의 대금 일부로 중 고 품 을 픈,,127,,,,,,~139.csv
ずぶぬれ,,층 벅 젖 음 C,,127,,,,,,~139.csv
っ,だん,에,,127,,,,,,~139.csv
継ぎ目,,이음매 이 은 자리 E,,127,,,,,,~139.csv
手さばき,,손놀림 ls,,127,,,,,,~139.csv
手の平,,손바닥,,127,,,,,,~139.csv
取り調べ,しら,조 사 수 사 문 초 신 문,,127,,,,,,~139.csv
感無量,かんむりょう,강 개 무량,,127,,,,,,~139.csv
き,,호 し め,,127,,,,,,~139.csv
生真面目,,고 지 식 함,,127,,,,,,~139.csv
仕打ち,けだもの,님 에 대 한) 처사,,127,,,,,,~139.csv
しつけ,みゃ,예의 범 절 을 가르침,,127,,,,,,~139.csv
擦れ違い,ちが,"마 주 스 쳐 지 나감, 엇갈",,127,,,,,,~139.csv
蛋白質,たんばくしつ,단백질,,127,,,,,,~139.csv
つぼみ,,꽃 봉 우리,,127,,,,,,~139.csv
手付き,る,솜씨 손놀림,,127,,,,,,~139.csv
手直し,てなお,불 완 전 한 곳 을 고침,,127,,,,,,~139.csv
戸締まり,,분,,127,,,,,,~139.csv
取り柄,とえ,"취할 점 쓸모, 장점",,127,,,,,,~139.csv
取り所,どこ,취 할 점 장점,,127,,,,,,~139.csv
ねばり,,찰 기 곤 기,,128,,,,,,~139.csv
ばい菌,きん,세 2,,128,,,,,,~139.csv
裸足,はだし,맨발,,128,,,,,,~139.csv
日取り,ひ,"날 짜 를 정함, 기일, 일:",,128,,,,,,~139.csv
不祥事,ふいはうじ,불상사 불 미 스러운,,128,,,,,,~139.csv
前売り,まえ,예매,,128,,,,,,~139.csv
丸ごと,まる,통 \(2) 은 통,,128,,,,,,~139.csv
見通し,みとお,"전망, 장 래 의 예측",,128,,,,,,~139.csv
身振り,みぶ,몸짓,,128,,,,,,~139.csv
むら,,열 록,,128,,,,,,~139.csv
もくろみ,,계획 의 도 . 목 적,,128,,,,,,~139.csv
タ暮れ,ゆう,황혼 해 질 녁,,128,,,,,,~139.csv
良し悪し,よぁあぁ,종 고 나 봄 선악,,128,,,,,,~139.csv
渡り烏,どり,철새,,128,,,,,,~139.csv
根回し,ねまわ,사 전 교섭,,128,,,,,,~139.csv
配偶者,はいぐうしゃ,배우자,,128,,,,,,~139.csv
発起人,ほっきにん,발기인,,128,,,,,,~139.csv
被疑者,ひぎしゃ,피의자 용의자,,128,,,,,,~139.csv
ひなた,,양 지 잉 달,,128,,,,,,~139.csv
真っ二つ,ふじしじょうり,두 통 강 딱 절반,,128,,,,,,~139.csv
まんえん,,만연,,128,,,,,,~139.csv
結び付き,もむすっ,결속,,128,,,,,,~139.csv
目付き,っ,"눈 의 표 정 , 눈 초리",,128,,,,,,~139.csv
持ち切り,,그 상 태 나 화 제 가 계 속통,,128,,,,,,~139.csv
タ焼け,,저녁놀,,128,,,,,,~139.csv
よそ見,み,한 눈 팔 결 눈 질,,128,,,,,,~139.csv
割り当て,わあ,할당. 배당,,128,,,,,,~139.csv
念入り,ねんい,"조 심 스러움, 공 들 임",,128,,,,,,~139.csv
人並み,ひとな,"보통 정도, 남 과 같 음",,128,,,,,,~139.csv
不可解,かかい,"불 가 해, 이 해 할 수 없음",,128,,,,,,~139.csv
まばたき,,눈 김 박 임,,128,,,,,,~139.csv
見積もり,みっ,이림. 견적,,128,,,,,,~139.csv
みは,,주,,128,,,,,,~139.csv
見晴らし,,전망,,128,,,,,,~139.csv
無駄遣い,もむだづか,낭비. slol 谷,,128,,,,,,~139.csv
容疑者,りを,용의자,,128,,,,,,~139.csv
よだれ,,흘 리 는 ) 침 군침,,128,,,,,,~139.csv
臨機応変,りんきおうへん,임기응변,,128,,,,,,~139.csv
仰ぐ,あお,"쳐 다 보다, 우 러 러 보다 0;",,129,,,,,,~139.csv
飽きる,,질 리 다 0,,129,,,,,,~139.csv
あせる,ぁ,색 이 ) 바 래 다 nf,,129,,,,,,~139.csv
虹,あぁば,"폭 로 하다, 파 헤 치 다 m1",,129,,,,,,~139.csv
荒らす,ぁ,"망 치 다, 間谷 叶 Rh",,129,,,,,,~139.csv
案じる,,걱 정 하다. 염 려 하다 (a:,,129,,,,,,~139.csv
意気込む,いきごし,힙 을 내다 ggslF,,129,,,,,,~139.csv
薄まる,うあぁ,열 어 지다 (mg:,,129,,,,,,~139.csv
疎んじる,,실 어 하 다 멀 리 하 0 해,,129,,,,,,~139.csv
演じる,えん,무 대 에서) 연 기 하다 @ (어떤 역할,,129,,,,,,~139.csv
興る,おこお,"흥 하다, 일 어 나 다",,129,,,,,,~139.csv
修める,おさお,"다다, 수 양 하다",,129,,,,,,~139.csv
推す,おおそ,밀 다 추 진 시키다,,129,,,,,,~139.csv
落ち合う,おあぁおちり,만나다 합 류 하다,,129,,,,,,~139.csv
コおどす,ち,위 협 하다,,129,,,,,,~139.csv
赤らむ,,"붉 어 지 다 , 불 그 레 해지다 0 商 う",,129,,,,,,~139.csv
欺く,あぁさむ,속이다,,129,,,,,,~139.csv
値する,あたい,할 만하다. ~ 에 싱 당하다 0 あつ,,129,,,,,,~139.csv
甘える,あま,"응 석 부리다, 어 리 광 부리다",,129,,,,,,~139.csv
改まる,,"새 로 워 지 다 , 격 식 을 차 리다 7 著 す",,129,,,,,,~139.csv
生ける,いいた,꽃 등 을 ) 꽂 다,,129,,,,,,~139.csv
傷める,いた,롤 건 - 음 식 ㆍ 신 체 ) 상 하 게 하다 1 営,,129,,,,,,~139.csv
受け継ぐ,っ,이 어 받다 き sckr,,129,,,,,,~139.csv
細めるの千呈叶,うず,얼 굴 을 ) 파 묻다 0 打 ち 」,,129,,,,,,~139.csv
半む,るお,"울 먹 이다, ( 습 기 로 흐 러지 0 老い",,129,,,,,,~139.csv
える,さおさ,"억 제 하다, 믹 다",,129,,,,,,~139.csv
甲し切る,おきお,강 행 하 다 무 르다,,129,,,,,,~139.csv
トドろす,くるれ,"내리다, ( 돈 을) 찾다",,129,,,,,,~139.csv
う,,"장 사 하다, 판 매 하다",,129,,,,,,~139.csv
ざわらう,,"조 소 하 다 , 비 옷 다",,129,,,,,,~139.csv
つらえる,,"주 문 하다, 맞추다",,129,,,,,,~139.csv
る,,"부 추 기 다 , 띄 워 주다",,129,,,,,,~139.csv
す,,저 솔 히다,,129,,,,,,~139.csv
っだてる,,초 조 하게 akck ofefect,,129,,,,,,~139.csv
切る,,중 단 하다,,129,,,,,,~139.csv
寄せる,,"밀려 들다, 밀어 닥 치 다",,129,,,,,,~139.csv
れる,,함 정 ( 계 략 ) 에 빠 뜨 리 다,,129,,,,,,~139.csv
る,,"애 지 나, 엉 하게 하나",,130,,,,,,~139.csv
かける,,"걸다, 내 기 를 하다",,130,,,,,,~139.csv
かする,,스 치 다,,130,,,,,,~139.csv
適える,,들 어 맞추다 @ 충족,,130,,,,,,~139.csv
かぶれる,,"웃 등 을) 타다, ns",,130,,,,,,~139.csv
枯れるミ,か,"마르다, 시들",,130,,,,,,~139.csv
着飾る旨ぇ民費,きかざ,성장해,,130,,,,,,~139.csv
兆す下,きざ,징 조 가 보이다,,130,,,,,,~139.csv
中する,きっ,"마시다, 피우다, 당하다",,130,,,,,,~139.csv
組み込む,ちる,짜 넣다 편 성 하다,,130,,,,,,~139.csv
企てる,くもだ,"계 회 하다, 피하다",,130,,,,,,~139.csv
さえずる,てこころ,새 기 지 저 퀴 다,,130,,,,,,~139.csv
差し出す,さだ,"내밀다, 제 출 하 다 . 봄",,130,,,,,,~139.csv
定まる,さだ,정 해 지 다,,130,,,,,,~139.csv
悟る,さきと,깨 단다,,130,,,,,,~139.csv
さまよう,,"방 황 하 다 , 헤 매 다",,130,,,,,,~139.csv
仕入れる,しい,"사 들 이다, ofejskc",,130,,,,,,~139.csv
かさむ,,부 피 가 커 지다,,130,,,,,,~139.csv
傾ける,,기 울 이 다,,130,,,,,,~139.csv
傷付く,きずつ,상 처 률 입다,,130,,,,,,~139.csv
組み合わせる,あ,짜 맞추다 편 성 하,,130,,,,,,~139.csv
繰り上げる,あ,예 정 보다) 앞 당 기 다,,130,,,,,,~139.csv
煙る,けむ,"연 기 가나다, 부 예 지 다",,130,,,,,,~139.csv
裂ける,さ,갈 라 지 다,,130,,,,,,~139.csv
裁く,さば,"시 비 를 가 리 다, 심 판 하다",,130,,,,,,~139.csv
さらう,,"채 다, 채 가다",,130,,,,,,~139.csv
かすす,,"안 개 가 끼 다, 희 미 하게 보이다",,130,,,,,,~139.csv
奏でる,かな,연 주 하다,,130,,,,,,~139.csv
かばう,,"강 싸 다 , 비 호 하다",,130,,,,,,~139.csv
構える,かま,"깃 추 다, 자 세 를 취하다",,130,,,,,,~139.csv
交わす,,"주 고 받다, 교 환 하다",,130,,,,,,~139.csv
競う,,"다 투 다 , 경 쟁 하다",,130,,,,,,~139.csv
ずさす,くち,"율 조 리 다 , 층 얼 거리다",,130,,,,,,~139.csv
繰り下げる,さ,뒤로 돌 리 다 불 리다),,130,,,,,,~139.csv
心掛ける,てここが,항 상 주 의 하 다 명 심 하다,,130,,,,,,~139.csv
こもる,,"자 욱 하다, 가득 차다",,130,,,,,,~139.csv
懲りる,,"질 리 다, 넌 더 리 가나다",,130,,,,,,~139.csv
凝る,,"엉 기다, 응 고 하다 @ 열 중 하다",,130,,,,,,~139.csv
捧げる,,바 치 다,,130,,,,,,~139.csv
さする,,분 지 르다,,130,,,,,,~139.csv
察する,さっ,"헤 아 리 다, 살 피 다",,130,,,,,,~139.csv
妨げる,さまた,방 해 하다,,130,,,,,,~139.csv
沈む,しず,가 라 았 다 @ (해달) 지다,,130,,,,,,~139.csv
滑る,すべ,미,,131,,,,,,~139.csv
擦れる,,스치,,131,,,,,,~139.csv
唆す,ものか,"꼬 드 기다, 부",,131,,,,,,~139.csv
反る,,활 모 양 으로),,131,,,,,,~139.csv
賜る,まわ,"받다, 내 려 주 시 다",,131,,,,,,~139.csv
仕える,つか,시 중 들다 섬,,131,,,,,,~139.csv
っな,,때,,131,,,,,,~139.csv
償う,,"갔다, 보 상 하다.",,131,,,,,,~139.csv
培う,っちか,"가 꾸 다. 기 르 다,",,131,,,,,,~139.csv
つっつく,,콕 룩 찌르,,131,,,,,,~139.csv
制する,せい,"제 지 하다, 억제",,131,,,,,,~139.csv
縮まる,ちち,줄 다 감 스다 @,,131,,,,,,~139.csv
つぶる,ば,눈 을 ) 감 다,,131,,,,,,~139.csv
詰めかける,っ,몰 려 들다,,131,,,,,,~139.csv
しゃれる,するる,세 런 되다 멋지,,131,,,,,,~139.csv
染める,せば,"물 들 이 다, 염 색 하다",,131,,,,,,~139.csv
桁る,たてまっ,바 치 다,,131,,,,,,~139.csv
たるお,,"느 슨 해 지다, 해 이 해지",,131,,,,,,~139.csv
継ぐ,っ,있다 계 승 하다,,131,,,,,,~139.csv
った,,재,,131,,,,,,~139.csv
つまむ,っを,"집 다 , 집 어 먹다",,131,,,,,,~139.csv
転じる,てん,전 흰 하다,,132,,,,,,~139.csv
遠ざかる,とお,멀 어 지 다,,132,,,,,,~139.csv
説く,,설 득 하다,,132,,,,,,~139.csv
途絶える,だ,"두 철 되다, 급 어 지",,132,,,,,,~139.csv
飛び掛かる,か,대 들 다 덤 버들,,132,,,,,,~139.csv
富む,,재 산 이 많다 ~ 이 품 부 해,,132,,,,,,~139.csv
取り調べる,しら,조 사 하다 문 초,,132,,,,,,~139.csv
取り付ける,,"달다, 장 치 하다",,132,,,,,,~139.csv
取り巻く,,"둘 러 싸 다 , 에 워 비드",,132,,,,,,~139.csv
取り寄せる,るよ,주 문 해서 가,,132,,,,,,~139.csv
義える,な,힘 이 풀 리 다 쇠 약 해지,,132,,,,,,~139.csv
なめる,,힐다 @( 쓰 라 림 을),,132,,,,,,~139.csv
似通う,,"서로 비 슷 하 다, 흡 사 해",,132,,,,,,~139.csv
ねたむ,,질 투 하다,,132,,,,,,~139.csv
粘り着く,ねば,근 적 히게 달 라 봄,,132,,,,,,~139.csv
乗っ取る,,빼 앗다 @ 납치,,132,,,,,,~139.csv
の,,은:,,132,,,,,,~139.csv
投じる,,편 승 히다 @ 참 여 하 다 @,,132,,,,,,~139.csv
同じる,,동 의 하다,,132,,,,,,~139.csv
遠ざける,,"멀 리 하다, 기 피 하다",,132,,,,,,~139.csv
途切れるる,き,도 중 에 끊 어 지 다,,132,,,,,,~139.csv
取り押さえる,お,"역 누 르 다 , 붙 잡다",,132,,,,,,~139.csv
取り持つ,,주 선 하 다 . 접 대 하 다,,132,,,,,,~139.csv
抜かす,,빠 뜨 리 다,,132,,,,,,~139.csv
ねだる,,"조 르 다, 졸 라 대다",,132,,,,,,~139.csv
飲み込む,,삼 키다 @ 이 해 하다,,132,,,,,,~139.csv
う,,항 복 하다 ④ 던지다,,132,,,,,,~139.csv
とがめる,,책 망 히다,,132,,,,,,~139.csv
届ける,とじる,보 내 어 주 다 @ 신 고 하다,,132,,,,,,~139.csv
どなる,,호 통 을 치다,,132,,,,,,~139.csv
飛び交う,とる,어 지 럽 게 날다,,132,,,,,,~139.csv
飛び抜けるぇ,ぬ,뛰어나다,,132,,,,,,~139.csv
取り下げる,でさ,취 하 하다 철 회 하다,,132,,,,,,~139.csv
取り外す,,"떼 다. 빼다, 해 체 하다",,132,,,,,,~139.csv
なぞる,とろける,"글 비 - 그 림 위에 덧 쓰 다 , 본 뜨다",,132,,,,,,~139.csv
慣らす,な,"길 들 이 다 , 단 련 시키다",,132,,,,,,~139.csv
のっとる則る,すき,따 르 다 . 본 받다,,132,,,,,,~139.csv
載る,の,"신문, 잡 지 에 ) 실 리다",,132,,,,,,~139.csv
博する,は,"얻다, 널 :",,133,,,,,,~139.csv
発する,,발 하 다,,133,,,,,,~139.csv
ばれる,りす,탄 로 나다,,133,,,,,,~139.csv
踏まえる,やかす,입 각 하다,,133,,,,,,~139.csv
ぼける,,둔 해지다 る =,,133,,,,,,~139.csv
舞う,,"춤 추 다, 흘 날 리 다",,133,,,,,,~139.csv
まごつく,,당 황 하다.,,133,,,,,,~139.csv
り出す,はかえ,"게 시 하다, 내어 붙이다",,133,,,,,,~139.csv
ひか,,때,,133,,,,,,~139.csv
浸す,ひた,액체 속에) 담 그 다,,133,,,,,,~139.csv
ふける,,열 중 하다,,133,,,,,,~139.csv
踏み込む,ふ,발 을 들 여 농 다,,133,,,,,,~139.csv
負かす,ま,"이 기 다, 굴 복 시키다",,133,,,,,,~139.csv
勝る,まさ,낮다 뛰어나다,,133,,,,,,~139.csv
はたく,は,치다. 때 리 다,,133,,,,,,~139.csv
率いる,ひき,거 느 리 다. 인 슬 하 다,,133,,,,,,~139.csv
放り込む,ほう,아무렇게나) 넣다,,133,,,,,,~139.csv
滅ぼす,,멸 망 시키다,,133,,,,,,~139.csv
交わる,まか,교 차 하다 @ 뒤 셔 (,,133,,,,,,~139.csv
見入る,みい,열 심 히 보다,,134,,,,,,~139.csv
乱す,みだ,"어 지 럽 히 다, 흘 트 리 다",,134,,,,,,~139.csv
見習う,みなら,"본 받 다 , 견 습 하 다",,134,,,,,,~139.csv
見計らう,,가 능 보다. 적당히 고,,134,,,,,,~139.csv
結び付く,もす,"결 부 되다, 이 어 지 다",,134,,,,,,~139.csv
めくる,,"넘 기 다 , 젖 히다",,134,,,,,,~139.csv
申し入れる,もい,"제 의 하 다 , 제 기하",,134,,,,,,~139.csv
もがく,,발 버 둥 치다,,134,,,,,,~139.csv
基づく,,"기 초 를 두다, 의 거 하다",,134,,,,,,~139.csv
漏らす,も,"새 게 하 다 , 누 설 하다",,134,,,,,,~139.csv
安らぐ,,마 음 이) 편 안 해 지다,,134,,,,,,~139.csv
辞める,,"그 만 두 다, 사 직 하다",,134,,,,,,~139.csv
委ねる,ゆだ,"맡 기 다, 위 임 하다",,134,,,,,,~139.csv
寄せる,ゆる,일 려 오다 @ HP ct,,134,,,,,,~139.csv
見とれる,み,너 을 일 고 보다 (,,134,,,,,,~139.csv
見抜く,みぬ,"긴 파 하다, 和 革 0 加 ct Eg",,134,,,,,,~139.csv
診る,,진 찰 하다 C,,134,,,,,,~139.csv
むしる,,"쥐 어 픈 다, 잡 아 뽑 다, 떼어 내다",,134,,,,,,~139.csv
結び付ける,むす,결 합 시키다 a,,134,,,,,,~139.csv
もう,め,전,,134,,,,,,~139.csv
申し出る,,자 청 하 다 신 청 하,,134,,,,,,~139.csv
もてあます,,"힘 에 겨 워 하 다 , 주 체 못 ㅎ",,134,,,,,,~139.csv
もめる,,"분 규 가 일 어 나 다, 옥 신 각 신 하 다",,134,,,,,,~139.csv
漏る,も,물 등 이 새 다 E,,134,,,,,,~139.csv
破る,,"깨 다 , 어 기다 ㄷ",,134,,,,,,~139.csv
やり遂げる,と,끝까지 해 내 다,,134,,,,,,~139.csv
有する,ゆう,가 지 다 . 소 유 하 다 E,,134,,,,,,~139.csv
揺らぐ,ゆ,흔 들 리 다 n,,134,,,,,,~139.csv
要する,よう,요 하 다 필 요 로 sc C,,134,,,,,,~139.csv
寄り掛かる,よか,의 존 하다,,134,,,,,,~139.csv
見せびらかす,み,과 시 하다,,134,,,,,,~139.csv
みなす,,간 주 하다,,134,,,,,,~139.csv
見逃す,みのが,놓 치 다 못 보 다,,134,,,,,,~139.csv
見渡す,みわた,"멀리 바 라 다 보다, 전 망 하다",,134,,,,,,~139.csv
免じる,めん,연 제 하다,,134,,,,,,~139.csv
病むき言,や,알다,,134,,,,,,~139.csv
緩む,ゆる,헐 렁 해지다. 누 그 러 지다,,134,,,,,,~139.csv
よける,,피하다 옆 으 로 비 키 다,,134,,,,,,~139.csv
あどけない,あか,천 진 난 만하,,135,,,,,,~139.csv
意地悪い,いじわる,"심 술 긋 다, 짓 곳",,135,,,,,,~139.csv
うとましい,,"거 슬 리 다, 4",,135,,,,,,~139.csv
重々しい,おもおも,엄 숙 하고 무게,,135,,,,,,~139.csv
渋い,さた,떨다,,135,,,,,,~139.csv
生臭い,なまぐさ,비 린 내 가나다,,135,,,,,,~139.csv
はかない,,덧 없다 무 상 하다,,135,,,,,,~139.csv
欲深い,よくぶか,욕 심 이 많다,,135,,,,,,~139.csv
せこい,いゃ,"교 활 하 다 , 믿 을 수없다",,135,,,,,,~139.csv
情け深い,,인 정 이 많다,,135,,,,,,~139.csv
悩ましい,,"괴롭다, 고 통 스 럽 다",,135,,,,,,~139.csv
甚だしい,はなは,대단하다,,135,,,,,,~139.csv
よそよそしい,,서 먹 서 먹 하다,,135,,,,,,~139.csv
いじらしい,,"애 처 롭다, 안 쓰 럽 다",,135,,,,,,~139.csv
疎い,うと,"사 이 가) 멀다, 소 원 하다",,135,,,,,,~139.csv
かなわない,おくゆか,견 딜 수없다,,135,,,,,,~139.csv
好ましい,この,마 음 에 들다. 호 감 이 개,,135,,,,,,~139.csv
手荒い,てぁら,"난 폭 하다, 거칠다",,135,,,,,,~139.csv
手ぬるい,,미 온 적 이다,,135,,,,,,~139.csv
何気ない,なにげ,아무렇지도 않다,,135,,,,,,~139.csv
粘り強い,ねば,곤 기 있다,,135,,,,,,~139.csv
空しい,むな,"공 허 하다, 허 무 하다",,135,,,,,,~139.csv
物々しい,ものもの,어 마 어 마 하다,,135,,,,,,~139.csv
浅はか,あぁあさ,천 박 함 경 솔 함,,136,,,,,,~139.csv
粋,,"멋짐, 세 련 됨",,136,,,,,,~139.csv
鋭利,えいり,예 리 함,,136,,,,,,~139.csv
果敢,かかん,과 강함,,136,,,,,,~139.csv
過敏,,과 만함,,136,,,,,,~139.csv
九屈幸生,きゅうくつ,"답답함, 비 좁 음",,136,,,,,,~139.csv
強大,きょうだい,강 대 함 강 력 함,,136,,,,,,~139.csv
きらびやか,,눈부시게 화 려 함,,136,,,,,,~139.csv
謙虚,けんきょ,경 허 할,,136,,,,,,~139.csv
滑けい,こっ,우 스 움 우 스 광 스러움,,136,,,,,,~139.csv
安穏,あんのん,안 온 함,,136,,,,,,~139.csv
嫌味,いやゃみ,불 쾌 함 아 니 꼬 움,,136,,,,,,~139.csv
穏和,おんわ,온 화 참,,136,,,,,,~139.csv
過激,かげき,괴 격 함,,136,,,,,,~139.csv
気軽,きがる,소 탈 함 부담 없음,,136,,,,,,~139.csv
入口希薄,きはく,희 박 함,,136,,,,,,~139.csv
強固,きょうこ,"공 고 함 , 강 경 항",,136,,,,,,~139.csv
強烈,きょうれつ,강렬함,,136,,,,,,~139.csv
愚直,,우 직 함 C,,136,,,,,,~139.csv
高慢,こうまん,거 만 함 건 방 짐 C,,136,,,,,,~139.csv
いい加減中旬名和信,かげん,엉터리,,136,,,,,,~139.csv
淫乱,いんらん,음 란 함,,136,,,,,,~139.csv
騰病,おくびょう,검 이 많음,,136,,,,,,~139.csv
昔酷,かこく,가 혹 함,,136,,,,,,~139.csv
簡潔,かんけつ,간 결 함,,136,,,,,,~139.csv
きゃしゃ,さく,가 늘 픔,,136,,,,,,~139.csv
狭小,きょうしょう,협 소 함 비 좁 음,,136,,,,,,~139.csv
清らか,きよ,"맑음, 깨끗함",,136,,,,,,~139.csv
軽薄,けいはくぐ,경 박 함,,136,,,,,,~139.csv
厳粛,,엄 숙 함,,136,,,,,,~139.csv
従順,し,온 순 함 다 소 곳 함,,137,,,,,,~139.csv
粋,すいす,증 류 를 즐긴,,137,,,,,,~139.csv
誠実,せいじっせいし,성실함,,137,,,,,,~139.csv
疎遠,そえんそう,소 원 한,,137,,,,,,~139.csv
素朴,,소박함,,137,,,,,,~139.csv
堪能,たんのうたんばぱくぐ,뛰어남,,137,,,,,,~139.csv
級密,ちみつっちょめい,치 일 합,,137,,,,,,~139.csv
異,とっび,특 이 함,,137,,,,,,~139.csv
やか,,부드러움 온 화 함,,137,,,,,,~139.csv
直,になおせいこう,순 진 함 솔직함,,137,,,,,,~139.csv
款成就,,성 숙 힘,,137,,,,,,~139.csv
凡唐,ぼんよう,범용 평범,,137,,,,,,~139.csv
無邪気,むしじゃき,"천 진 함 , 순 진 함 악의 eg",,138,,,,,,~139.csv
むちゃくちゃ,,엄 망 진 창 . 터 5,,138,,,,,,~139.csv
憂鬱,っ,우울함,,138,,,,,,~139.csv
律儀・律義,りちぎりちぎ,"의 리 가 두 터 움 ,",,138,,,,,,~139.csv
老練,るれん,노련함,,138,,,,,,~139.csv
あらわに,,"노 골 적 으로, 공공연:",,138,,,,,,~139.csv
ー応ゃ,いちおう,일단,,138,,,,,,~139.csv
ー度,いちど,한 번 @ 일 단,,138,,,,,,~139.csv
未だに,いま,"아 직 껏 , 아 직 까지도, 현 )",,138,,,,,,~139.csv
今や,いま,"지 금 이야말로, 바야흐로, 지",,138,,,,,,~139.csv
うっとり,,"너 을 일고, 횡 출 하 거",,138,,,,,,~139.csv
えてして,,까 딱 하면,,138,,,,,,~139.csv
有益,ゆうえき,유 익 할,,138,,,,,,~139.csv
綴やか,ゆる,완 만 함 느 릿 함 느 삼다,,138,,,,,,~139.csv
雰細,れいさい,영 서 함 1m,,138,,,,,,~139.csv
ろく,,변 변 함 제 대 로 임,,138,,,,,,~139.csv
案外,あんがい,의외로,,138,,,,,,~139.csv
ー概に,いちいち,일률적:,,138,,,,,,~139.csv
夢中,,열 중 함 몰 두 함,,138,,,,,,~139.csv
勇敢,ゆうかん,용 김 함,,138,,,,,,~139.csv
コ妖軸,ようえん,요 영 함,,138,,,,,,~139.csv
コ理不尽,りふじん,불 합 리 함 무 리 함,,138,,,,,,~139.csv
歴然,れきぜん,분 영 함 또 릿 함,,138,,,,,,~139.csv
がっちり,,단단히 팍 야 무 2,,139,,,,,,~139.csv
ぎっしり,きちっときちんと,가득. 잔 톡,,139,,,,,,~139.csv
くっきり,,선 명 하 7,,139,,,,,,~139.csv
ぐらぐら,,흔 들 촌 들,,139,,,,,,~139.csv
げっそり,,홈 쪽 하 게 (갑자기 <,,139,,,,,,~139.csv
さしたる,ごっそり,이렇다할 별 반 의,,139,,,,,,~139.csv
さらさらない,,결로,,139,,,,,,~139.csv
散々,さんざん,"몰 시 실 컷 , 단 단 히 호되게",,139,,,,,,~139.csv
ビじわじわ,として,서서히 조금씩,,139,,,,,,~139.csv
少なからず,すく,적 지 않 게 많이,,139,,,,,,~139.csv
ずるずる,,질 질 (질질 끌 거나 글,,139,,,,,,~139.csv
せいぜい,,"겨우, 고작",,139,,,,,,~139.csv
も,く,"부디, 아무쪼록",,139,,,,,,~139.csv
と利和る財否財否,,빛나는 모양),,139,,,,,,~139.csv
と,,"산뜻한 모양, ( 맛 등) 담 백 함 , 남 김 없이",,139,,,,,,~139.csv
・すらっと,,"술술, 쑥 막 힘 이 없는 모양)",,139,,,,,,~139.csv
だらだら,,질질; 느릿느릿; 지루하게,,140,부사·의태어,,,,,~161.csv
ちやほや,,치켜세우는 모양; 응석을 받아주는 모양,,140,부사·의태어,,,,,~161.csv
ちょくちょく,,이따금; 자주,,140,부사,,,,,~161.csv
ちょっぴり,,조금; 약간,,140,부사,,,,,~161.csv
ちらっと,,힐끗; 언뜻,,140,부사,,,R0031,ちらっと／ちらりと,~161.csv
ちらりと,,힐끗; 언뜻,,140,부사,,,R0031,ちらっと／ちらりと,~161.csv
遂に,,드디어; 마침내; 결국,,140,부사,,,,,~161.csv
とうてい,,도저히,,140,부사,,,,,~161.csv
堂々と,,당당하게,,140,부사,,,,,~161.csv
どうりで,,과연; 어쩐지,,140,부사,,,,,~161.csv
時折,,때때로; 이따금,,140,부사,,,,,~161.csv
どことなく,,어딘지 모르게,,140,부사,,,,,~161.csv
どたばた,,우당탕; 부산스럽게,,140,부사·의태어,,,,,~161.csv
やけに,,유난히; 몹시,,140,부사,,,,,~161.csv
ゆるゆる,,천천히; 느릿느릿,,140,부사·의태어,,,,,~161.csv
とりたてて,,특별히; 특히,,140,부사,,,,,~161.csv
とろとろ,,걸쭉하게; 느릿느릿,,140,부사·의태어,,,,,~161.csv
どろどろ,,질척질척; 걸쭉하게,,140,부사·의태어,,,,,~161.csv
わりに,,비교적; 생각보다,,140,부사,,,,,~161.csv
なおさら,,더욱더; 더한층,,140,부사,,,,,~161.csv
長々,,오랫동안; 장황하게,,140,부사,,,,,~161.csv
なるたけ,,되도록; 가능한 한,,140,부사,,,,,~161.csv
なんだかんだ,,이러니저러니; 이것저것,,140,부사,,,,,~161.csv
なんと,,얼마나; 무려; 뜻밖에도,,140,부사,,,,,~161.csv
なんとなく,,왠지 모르게,,140,부사,,,,,~161.csv
なんなりと,,무엇이든지,,140,부사,,,,,~161.csv
はっと,,깜짝; 문득,,140,부사·의태어,,,,,~161.csv
はるかに,,훨씬; 아득히,,140,부사,,,,,~161.csv
はるばる,,멀리서 일부러,,140,부사,,,,,~161.csv
ひそひそ,,소곤소곤,,140,부사·의태어,,,,,~161.csv
ひたすら,,오로지; 한결같이,,140,부사,,,,,~161.csv
ひょっと,,뜻밖에; 혹시,,140,부사,,,,,~161.csv
ぴんぴん,,팔팔하게; 펄떡펄떡,,140,부사·의태어,,,,,~161.csv
ひんやり,,서늘하게; 차갑게,,140,부사·의태어,,,,,~161.csv
ふいに,,갑자기; 느닷없이,,140,부사,,,,,~161.csv
ふらふらと,,비틀비틀; 어슬렁어슬렁,,140,부사·의태어,,,,,~161.csv
べとべと,,끈적끈적,,140,부사·의태어,,,,,~161.csv
ぼうぜんと,,망연히; 멍하니,,140,부사,,,,,~161.csv
まして,,더구나; 하물며,,141,부사,,,,,~161.csv
まるっきり,,완전히; 전혀,,141,부사,,,,,~161.csv
丸々,,전부; 완전히,,141,부사,,,,,~161.csv
まんざら,,반드시 ~인 것만은 아님,,141,부사,,,,,~161.csv
漫然と,,막연히; 멍하니,,141,부사,,,,,~161.csv
みすみす,,빤히 알면서도; 눈뜨고,,141,부사,,,,,~161.csv
みるみるうちに,,눈 깜짝할 사이에,,141,부사,,,,,~161.csv
めそめそ,,훌쩍훌쩍; 울상으로,,141,부사·의태어,,,,,~161.csv
もろもろ,,여러 가지; 제반,,141,부사·명사,,,,,~161.csv
やたらに,,마구; 몹시,,141,부사,,,,,~161.csv
やんわりと,,부드럽게; 완곡하게,,141,부사,,,,,~161.csv
よもや,,설마,,141,부사,,,,,~161.csv
アクセル,,액셀; 가속 장치,,141,외래어,,,,,~161.csv
アピール,,호소; 어필,,141,외래어,,,,,~161.csv
アンコール,,앙코르; 재청,,141,외래어,,,,,~161.csv
インターン,,인턴; 실습생,,141,외래어,,,,,~161.csv
インターチェンジ,,인터체인지; 고속도로 나들목,,141,외래어,,,,,~161.csv
インテリ,,인텔리; 지식인,,141,외래어,,,,,~161.csv
インテリア,,인테리어; 실내 장식,,141,외래어,,,,,~161.csv
インフルエンザ,,인플루엔자; 독감,,141,외래어,,,,,~161.csv
インフレ,,인플레이션,,141,외래어,,,,,~161.csv
ウェット,,감상적임; 인정이 많음,,141,외래어,,,,,~161.csv
ウェブ,,웹,,141,외래어,,,,,~161.csv
エース,,에이스; 제일인자,,141,외래어,,,,,~161.csv
エピローグ,,에필로그; 종막,,141,외래어,,,,,~161.csv
エントリー,,참가 등록; 출전 명단; 입문용,,141,외래어,,,,,~161.csv
オプション,,옵션; 선택 사항,,141,외래어,,,,,~161.csv
オリエンテーション,,오리엔테이션; 안내 교육,,141,외래어,,,,,~161.csv
ガード,,가드; 보호 장치,,142,외래어,,,,,~161.csv
ガードレール,,가드레일,,142,외래어,,,,,~161.csv
カーペット,,카펫; 융단,,142,외래어,,,,,~161.csv
カテゴリー,,카테고리; 범주,,142,외래어,,,,,~161.csv
カウンター,,카운터; 계산대,,142,외래어,,,,,~161.csv
カウント,,카운트; 셈,,142,외래어,,,,,~161.csv
カルテ,,진료 기록 카드; 차트,,142,외래어,,,,,~161.csv
キープ,,확보; 보유,,142,외래어,,,,,~161.csv
ギブアップ,,기브업; 단념,,142,외래어,,,,,~161.csv
キャスター,,방송 진행자; 해설자,,142,외래어,,,,,~161.csv
キャスト,,배역; 출연진,,142,외래어,,,,,~161.csv
キャッチ,,캐치; 붙잡음,,142,외래어,,,,,~161.csv
キャップ,,캡; 모자; 뚜껑,,142,외래어,,,,,~161.csv
キャラクター,,캐릭터; 성격; 인물,,142,외래어,,,,,~161.csv
クリア,,통과; 해결,,142,외래어,,,,,~161.csv
クローズアップ,,클로즈업; 부각,,142,외래어,,,,,~161.csv
グローバル,,글로벌; 세계적,,142,외래어,,,,,~161.csv
コーディネーター,,코디네이터; 조정자,,142,외래어,,,,,~161.csv
コネクション,,연줄; 인맥,,142,외래어,,,R0032,コネクション／コネ,~161.csv
コネ,,연줄; 인맥,,142,외래어,,,R0032,コネクション／コネ,~161.csv
コマーシャル,,상업 광고,,142,외래어,,,,,~161.csv
サポーター,,후원자; 지지자,,142,외래어,,,,,~161.csv
シート,,시트; 좌석; 자리,,142,외래어,,,,,~161.csv
ジャズ,,재즈,,142,외래어,,,,,~161.csv
シャトル,,셔틀,,142,외래어,,,,,~161.csv
ジャンプ,,점프; 도약,,142,외래어,,,,,~161.csv
ジャンボ,,점보; 거대한 것,,142,외래어,,,,,~161.csv
スクラップ,,스크랩; 고철,,142,외래어,,,,,~161.csv
ステーション,,역; 정거장,,142,외래어,,,,,~161.csv
ステータス,,사회적 지위; 신분,,142,외래어,,,,,~161.csv
ストライキ,,파업,,142,외래어,,,R0033,ストライキ／スト,~161.csv
スト,,파업,,142,외래어,,,R0033,ストライキ／スト,~161.csv
ストロー,,빨대,,142,외래어,,,,,~161.csv
ストロボ,,스트로보; 섬광 장치,,142,외래어,,,,,~161.csv
スリル,,스릴,,142,외래어,,,,,~161.csv
スローガン,,슬로건; 표어,,142,외래어,,,,,~161.csv
ソックス,,양말,,142,외래어,,,,,~161.csv
タイムリー,,시의적절함,,142,외래어,,,,,~161.csv
タッチ,,터치; 접촉; 감촉,,142,외래어,,,,,~161.csv
タレント,,탤런트; 재능 있는 사람,,142,외래어,,,,,~161.csv
チャイム,,차임; 종소리,,142,외래어,,,,,~161.csv
チャージ,,충전; 요금 부과,,142,외래어,,,,,~161.csv
チャンネル,,채널,,142,외래어,,,,,~161.csv
ティッシュ（ペーパー）,,티슈; 화장지,,142,외래어,,,,,~161.csv
データベース,,데이터베이스,,142,외래어,,,,,~161.csv
デッサン,,데생; 소묘,,142,외래어,,,,,~161.csv
テナント,,임차 점포; 입주 업체,,142,외래어,,,,,~161.csv
デビュー,,데뷔,,142,외래어,,,,,~161.csv
デフレ,,디플레이션,,142,외래어,,,,,~161.csv
ドライ,,건조함; 냉정함,,142,외래어,,,,,~161.csv
トリック,,속임수; 책략,,142,외래어,,,,,~161.csv
ドリル,,드릴; 반복 연습,,143,외래어,,,,,~161.csv
ネゴ,,협상; 교섭,,143,외래어,,,R0034,ネゴ／ネゴシエーション,~161.csv
ネゴシエーション,,협상; 교섭,,143,외래어,,,R0034,ネゴ／ネゴシエーション,~161.csv
ノイローゼ,,노이로제; 신경증,,143,외래어,,,,,~161.csv
ノルマ,,할당량; 목표량,,143,외래어,,,,,~161.csv
バッジ,,배지; 휘장,,143,외래어,,,,,~161.csv
バッテリー,,배터리,,143,외래어,,,,,~161.csv
バット,,배트,,143,외래어,,,,,~161.csv
パトカー,,순찰차,,143,외래어,,,,,~161.csv
パロディー,,패러디,,143,외래어,,,,,~161.csv
ファイル,,파일,,143,외래어,,,,,~161.csv
フィルター,,필터,,143,외래어,,,,,~161.csv
フェリー,,페리; 연락선,,143,외래어,,,,,~161.csv
ブザー,,버저; 경보음,,143,외래어,,,,,~161.csv
フラッシュ,,플래시; 섬광,,143,외래어,,,,,~161.csv
ブランド,,브랜드; 상표,,143,외래어,,,,,~161.csv
ブロック,,블록; 구획,,143,외래어,,,,,~161.csv
プロローグ,,프롤로그; 서막,,143,외래어,,,,,~161.csv
フロント,,정면; 호텔 접수대,,143,외래어,,,,,~161.csv
ペア,,한 쌍; 짝,,143,외래어,,,,,~161.csv
ベース,,기초; 토대,,143,외래어,,,,,~161.csv
ポジション,,지위; 위치; 수비 위치,,143,외래어,,,,,~161.csv
ポジティブ,,적극적; 긍정적,,143,외래어,,,,,~161.csv
マージン,,마진; 이윤,,143,외래어,,,,,~161.csv
マスコミ,,매스컴,,143,외래어,,,,,~161.csv
マスメディア,,매스미디어,,143,외래어,,,,,~161.csv
マッサージ,,마사지,,143,외래어,,,,,~161.csv
メロディー,,멜로디; 선율,,143,외래어,,,,,~161.csv
ユニフォーム,,유니폼; 제복,,143,외래어,,,,,~161.csv
ランク,,등급; 순위,,143,외래어,,,,,~161.csv
リアリティー,,현실감,,143,외래어,,,,,~161.csv
レッテル,,라벨; 낙인; 꼬리표,,143,외래어,,,,,~161.csv
レギュラー,,정규 멤버; 고정 출연자,,143,외래어,,,,,~161.csv
レバー,,레버; 지렛대,,143,외래어,,,,,~161.csv
レントゲン,,엑스레이,,143,외래어,,,,,~161.csv
ロケーション,,현지 촬영; 촬영지,,143,외래어,,,R0035,ロケーション／ロケ,~161.csv
ロケ,,현지 촬영; 촬영지,,143,외래어,,,R0035,ロケーション／ロケ,~161.csv
ロック,,자물쇠를 잠금; 록 음악,,143,외래어,,,,,~161.csv
ワット,,와트,,143,외래어,,,,,~161.csv
～戦,,~전; 전투·경기,,144,접미어,,,,,~161.csv
決勝戦,,결승전,,144,파생어,,,,,~161.csv
延長戦,,연장전,,144,파생어,,,,,~161.csv
空中戦,,공중전,,144,파생어,,,,,~161.csv
～隊,,~대; 부대,,144,접미어,,,,,~161.csv
音楽隊,,음악대,,144,파생어,,,,,~161.csv
捜索隊,,수색대,,144,파생어,,,,,~161.csv
探検隊,,탐험대,,144,파생어,,,,,~161.csv
～味,,~미; 느낌·맛,,144,접미어,,,,,~161.csv
現実味,,현실미; 현실감,,144,파생어,,,,,~161.csv
新鮮味,,신선미,,144,파생어,,,,,~161.csv
人間味,,인간미,,144,파생어,,,,,~161.csv
～網,,~망,,144,접미어,,,,,~161.csv
情報網,,정보망,,144,파생어,,,,,~161.csv
通信網,,통신망,,144,파생어,,,,,~161.csv
放送網,,방송망,,144,파생어,,,,,~161.csv
～欄,,~란; 난,,144,접미어,,,,,~161.csv
家庭欄,,가정란,,144,파생어,,,,,~161.csv
広告欄,,광고란,,144,파생어,,,,,~161.csv
国籍欄,,국적란,,144,파생어,,,,,~161.csv
～裏,,~리; 남몰래,,144,접미어,,,,,~161.csv
成功裏,,성공리에,,144,파생어,,,,,~161.csv
秘密裏,,비밀리에,,144,파생어,,,,,~161.csv
～こなす,,능숙하게 ~해 내다,,145,복합어,,,,,~161.csv
着こなす,,옷을 맵시 있게 입다,,145,복합어,,,,,~161.csv
使いこなす,,능숙하게 다루다,,145,복합어,,,,,~161.csv
弾きこなす,,능숙하게 연주하다,,145,복합어,,,,,~161.csv
～込む,,깊이·충분히 ~하다; 안으로 들어가다,,145,복합어,,,,,~161.csv
飛び込む,,뛰어들다,,145,복합어,,,,,~161.csv
割り込む,,끼어들다,,145,복합어,,,,,~161.csv
思い込む,,굳게 믿다; 단정하다,,145,복합어,,,,,~161.csv
～損ねる,,~할 기회를 놓치다; 잘못 ~하다,,145,복합어,,,,,~161.csv
受け損ねる,,받을 기회를 놓치다,,145,복합어,,,,,~161.csv
聞き損ねる,,잘못 듣다; 못 듣다,,145,복합어,,,,,~161.csv
乗り損ねる,,탈것을 놓치다,,145,복합어,,,,,~161.csv
～そびれる,,~할 기회를 놓치다,,145,복합어,,,,,~161.csv
行きそびれる,,갈 기회를 놓치다,,145,복합어,,,,,~161.csv
言いそびれる,,말할 기회를 놓치다,,145,복합어,,,,,~161.csv
あえて,,굳이; 감히,,145,유의어,,,,,~161.csv
強いて,,억지로; 굳이,,145,유의어,,,,,~161.csv
無理に,,무리하게,,145,유의어,,,,,~161.csv
商い,,장사; 영업,,145,유의어,,,,,~161.csv
商売,,장사; 상업,,145,유의어,,,,,~161.csv
あさましい,,비열하다; 치사하다; 한심하다,,145,유의어,,,,,~161.csv
卑劣だ,,비열하다,,145,유의어,,,,,~161.csv
欺く,,속이다; 기만하다,,146,유의어,,,,,~161.csv
だます,,속이다,,146,유의어,,,,,~161.csv
アシスタント,,조수; 보조자,,146,외래어,,,,,~161.csv
あたかも,,마치; 꼭,,146,유의어,,,,,~161.csv
まるで,,마치; 전혀,,146,유의어,,,,,~161.csv
アタック,,공격; 도전,,146,외래어,,,,,~161.csv
アチーブメント,,달성; 성취,,146,외래어,,,,,~161.csv
アプローチ,,접근; 접근법,,146,외래어,,,,,~161.csv
あべこべ,,반대; 거꾸로,,146,유의어,,,,,~161.csv
逆さま,,거꾸로,,146,유의어,,,,,~161.csv
あまねく,,널리; 빠짐없이,,146,유의어,,,,,~161.csv
あいまい,,애매함; 불명확함,,146,유의어,,,,,~161.csv
あやふや,,불확실함; 모호함,,146,유의어,,,,,~161.csv
あわただしい,,분주하다; 부산하다,,146,유의어,,,,,~161.csv
安易,,안이함; 손쉬움,,146,유의어,,,,,~161.csv
いいかげん,,적당히; 무책임하게; 엉터리로,,146,유의어,,,,,~161.csv
でたらめ,,엉터리; 터무니없음,,146,유의어,,,,,~161.csv
ぞんざい,,거칠고 소홀함,,146,유의어,,,,,~161.csv
いかに,,어떻게; 얼마나,,146,유의어,,,,,~161.csv
どのように,,어떻게,,146,유의어,,,,,~161.csv
どんなに,,아무리; 얼마나,,146,유의어,,,,,~161.csv
どれほど,,얼마나; 어느 정도,,146,유의어,,,,,~161.csv
いきさつ,,경위; 자초지종,,146,유의어,,,,,~161.csv
一切,,일절; 전혀,,146,유의어,,,,,~161.csv
少しも,,조금도,,146,유의어,,,,,~161.csv
いっそ,,차라리,,146,유의어,,,,,~161.csv
むしろ,,오히려; 차라리,,146,유의어,,,,,~161.csv
かえって,,오히려; 도리어,,146,유의어,,,,,~161.csv
ごまかす,,속이다; 얼버무리다,,146,유의어,,,,,~161.csv
挑む,,도전하다; 맞서다,,146,유의어,,,,,~161.csv
チャレンジする,,도전하다,,146,유의어,,,,,~161.csv
